job_id,run_id,workflow,job_name,status,conclusion,started_at,completed_at,duration_seconds,head_sha
96331838000,32338206942,ci-core,onnx-light main (ubuntu-latest),completed,success,2026-08-20T06:06:52Z,2026-08-20T06:09:13Z,141,c8f08d7453d907f647b6d70943d95271f775fd5d
96330872484,32337892933,ci-core,onnx-light main (ubuntu-latest),completed,success,2026-08-20T06:01:51Z,2026-08-20T06:04:24Z,153,161ba2443629210e98dc760d3c93a2658fe58c16
96329535828,32337406334,ci-core,onnx-light main (ubuntu-latest),completed,success,2026-08-20T05:54:39Z,2026-08-20T05:56:44Z,125,f238e662267441b8cb204a86322381a6362d55a8
96328543355,32337056565,ci-core,onnx-light main (ubuntu-latest),completed,success,2026-08-20T05:49:09Z,2026-08-20T05:52:33Z,204,8d0b0ce660dece383367f52cbe109343b2628a8d
96326055044,32336169421,ci-core,onnx-light main (ubuntu-latest),completed,success,2026-08-20T05:35:21Z,2026-08-20T05:37:14Z,113,f8e9d7e72c77430c7d52c67bf98acc7084529aa8
96323956456,32335422657,ci-core,onnx-light main (ubuntu-latest),completed,success,2026-08-20T05:23:41Z,2026-08-20T05:25:51Z,130,a47b1db2c4837bacd75f39f7c3a26de5fe390649
96224670652,32301422934,ci-core,onnx-light main (ubuntu-latest),completed,success,2026-08-19T20:58:42Z,2026-08-19T21:00:42Z,120,4df1642975835150de7eaa43ea41f6161702b066
96222952333,32300863871,ci-core,onnx-light main (ubuntu-latest),completed,failure,2026-08-19T20:52:31Z,2026-08-19T20:53:57Z,86,681c4f0c005edae79bdeb470de9591cc2d30fe86
96222624231,32300737824,ci-core,onnx-light main (ubuntu-latest),completed,cancelled,2026-08-19T20:51:20Z,2026-08-19T20:52:26Z,66,1b3992ea0bbc7ba1aa6f2d54b6179178aded7225
96221590264,32300435879,ci-core,onnx-light main (ubuntu-latest),completed,failure,2026-08-19T20:47:43Z,2026-08-19T20:50:26Z,163,b0323fb73053aa02be09bb724e93c9cb67cb059d
96214054375,32298082056,ci-core,onnx-light main (ubuntu-latest),completed,cancelled,2026-08-19T20:21:32Z,2026-08-19T20:47:40Z,1568,03f6a638d5d58feeccb7461f7be080f71c06b486
96201493879,32294154532,ci-core,onnx-light main (ubuntu-latest),completed,success,2026-08-19T19:38:41Z,2026-08-19T19:40:01Z,80,a508c886c66ea6c6761069e34f82335da7476d62
96189850429,32290472199,ci-core,onnx-light main (ubuntu-latest),completed,success,2026-08-19T18:59:20Z,2026-08-19T19:03:00Z,220,00b7a9f5570c1a6037e2c5dff623f0cb1b045d71
96719096501,32464820450,ci-core,onnx-light main (ubuntu-latest),completed,success,2026-08-21T08:47:45Z,2026-08-21T08:49:47Z,122,a30c2e7d98e5c406ed3d19344d2c3de07843fca8
96711761959,32462378064,ci-core,onnx-light main (ubuntu-latest),completed,success,2026-08-21T08:16:00Z,2026-08-21T08:18:22Z,142,a4bb2c1c58de045ce2e1b43a7ed23990c3c50148
96707922866,32461019606,ci-core,onnx-light main (ubuntu-latest),completed,success,2026-08-21T07:59:07Z,2026-08-21T08:00:38Z,91,e61aa43230cdbcc4e8851ad378902a88df42efa3
96704550554,32459877817,ci-core,onnx-light main (ubuntu-latest),completed,success,2026-08-21T07:46:54Z,2026-08-21T07:48:48Z,114,2e184c2253469566f4bce05842ec6bde793f3c89
96704545787,32458927334,ci-core,onnx-light main (ubuntu-latest),completed,success,2026-08-21T07:45:33Z,2026-08-21T07:47:46Z,133,d1b17bcd68e8e484ea7185e86b9eadddc1b8e7cc
96699484004,32458171502,ci-core,onnx-light main (ubuntu-latest),completed,success,2026-08-21T07:20:14Z,2026-08-21T07:39:42Z,1168,e7ed1be4befe832b5f97dac54cf0142d61c5c8bf
96692249452,32426999222,ci-core,onnx-light main (ubuntu-latest),completed,success,2026-08-21T06:45:50Z,2026-08-21T07:06:17Z,1227,1ba5f6f98f18ce2825ef5c405ea7f4e462e4b8e4
96692211126,32425306166,ci-core,onnx-light main (ubuntu-latest),completed,success,2026-08-21T06:44:28Z,2026-08-21T06:58:48Z,860,35141e5352195272293d20746ddf3d7086edbc74
96602528378,32424123612,ci-core,onnx-light main (ubuntu-latest),completed,success,2026-08-20T22:25:31Z,2026-08-20T22:44:50Z,1159,1ea52183830d1c600f6f3c24440c1f664b289082
96602263808,32424100589,ci-core,onnx-light main (ubuntu-latest),completed,cancelled,2026-08-20T22:24:24Z,2026-08-20T22:25:00Z,36,d9db6ac9fe8c549e06ce22bc315d41c7a761620f
96590839658,32419593153,ci-core,onnx-light main (ubuntu-latest),completed,success,2026-08-20T21:38:02Z,2026-08-20T21:58:31Z,1229,0f8d39200cbf13aa0f5375dc24e3f146a6e63f86
96583581368,32417830824,ci-core,onnx-light main (ubuntu-latest),completed,success,2026-08-20T21:10:36Z,2026-08-20T21:24:22Z,826,8a2787af93ef7c198ef01ce4138b52af1a90f91a
96581750645,32417403838,ci-core,onnx-light main (ubuntu-latest),completed,success,2026-08-20T21:04:02Z,2026-08-20T21:06:41Z,159,70f567aeba680a1379c581743f4f775c7f271cd2
96581075417,32417053015,ci-core,onnx-light main (ubuntu-latest),completed,failure,2026-08-20T21:01:37Z,2026-08-20T21:03:47Z,130,7132f0177150cb43d7f1dc2dcd22909abde1b596
96579875587,32416321272,ci-core,onnx-light main (ubuntu-latest),completed,success,2026-08-20T20:57:20Z,2026-08-20T20:59:20Z,120,b557bbd21f67925240860af1f854f4846f2392f5
96577498446,32415400704,ci-core,onnx-light main (ubuntu-latest),completed,success,2026-08-20T20:48:50Z,2026-08-20T20:51:20Z,150,2410f05d22b074fec4a0818e656da801de0e60b2
96576060708,32415191837,ci-core,onnx-light main (ubuntu-latest),completed,success,2026-08-20T20:43:41Z,2026-08-20T20:46:23Z,162,6de2f03c21cfab107f8419d1b8bb79fa65bc3929
96573240937,32414153845,ci-core,onnx-light main (ubuntu-latest),completed,success,2026-08-20T20:33:49Z,2026-08-20T20:37:05Z,196,c0c558c4dea4ae9c433f749f90c6df685e8b6fa0
96568740764,32413338086,ci-core,onnx-light main (ubuntu-latest),completed,success,2026-08-20T20:18:21Z,2026-08-20T20:19:59Z,98,47c5a85bc0ab98cff7739303634af78ee4d21fe4
96564782006,32412145049,ci-core,onnx-light main (ubuntu-latest),completed,success,2026-08-20T20:04:58Z,2026-08-20T20:13:42Z,524,eca53d0ca395093599a345863fd5a815b17387a6
96565200673,32411478170,ci-core,onnx-light main (ubuntu-latest),completed,failure,2026-08-20T20:06:30Z,2026-08-20T20:09:23Z,173,889722e1765d26e486c121f02d22ee862239c9fb
96559906924,32399923502,ci-core,onnx-light main (ubuntu-latest),completed,success,2026-08-20T19:48:33Z,2026-08-20T19:56:41Z,488,cbe489ff17d4e73ae79ae194d23b327671dd46a3
96559850562,32399854771,ci-core,onnx-light main (ubuntu-latest),completed,failure,2026-08-20T19:47:48Z,2026-08-20T19:55:53Z,485,6896989b39fe5b5ee6182f61434a410d483b1f38
96524422511,32399622578,ci-core,onnx-light main (ubuntu-latest),completed,success,2026-08-20T17:48:11Z,2026-08-20T17:50:16Z,125,bf69afb40f3a23b34ad024f321bad061a5db5143
96560310104,32399283966,ci-core,onnx-light main (ubuntu-latest),completed,success,2026-08-20T19:49:23Z,2026-08-20T19:57:31Z,488,b56e086290fba3ca22c83f7061da2ec15c4a0739
96520249823,32398317771,ci-core,onnx-light main (ubuntu-latest),completed,success,2026-08-20T17:34:05Z,2026-08-20T17:37:19Z,194,ace613b45e1ed803e1a30a4252768b7294dfe142
96518982634,32397919637,ci-core,onnx-light main (ubuntu-latest),completed,success,2026-08-20T17:29:50Z,2026-08-20T17:32:19Z,149,baf103cee67caa4e3654b11be1d993326331208f
96517016037,32396324035,ci-core,onnx-light main (ubuntu-latest),completed,success,2026-08-20T17:23:17Z,2026-08-20T17:26:22Z,185,a64e911244144b62662a20e1ba9f02930c7f3a59
96516783062,32395969860,ci-core,onnx-light main (ubuntu-latest),completed,success,2026-08-20T17:22:30Z,2026-08-20T17:25:46Z,196,4242d8c9ed72b151cbd39e8f88e515d4ee51e0f9
96510881338,32395333675,ci-core,onnx-light main (ubuntu-latest),completed,success,2026-08-20T17:02:38Z,2026-08-20T17:05:06Z,148,b0b9d9b92e6391deaca39403907132b18f61d2a8
96508505283,32394550767,ci-core,onnx-light main (ubuntu-latest),completed,success,2026-08-20T16:54:39Z,2026-08-20T16:59:11Z,272,e597c145b4b675be231f67b3feae1cd7316648e6
96508483579,32393814339,ci-core,onnx-light main (ubuntu-latest),completed,success,2026-08-20T16:54:35Z,2026-08-20T16:58:50Z,255,4410952f6186d0c35930cb5b220440c005ae733d
96504698527,32393346432,ci-core,onnx-light main (ubuntu-latest),completed,failure,2026-08-20T16:41:51Z,2026-08-20T16:43:35Z,104,73826ec40cc30f4aabcdd531d46ab4b9fdfd5fa4
96502933855,32392894605,ci-core,onnx-light main (ubuntu-latest),completed,success,2026-08-20T16:35:59Z,2026-08-20T16:38:30Z,151,fb9746c52385578629e1830ed2f440d660351220
96502998481,32376140951,ci-core,onnx-light main (ubuntu-latest),completed,success,2026-08-20T16:36:12Z,2026-08-20T16:39:50Z,218,54124f3206d64229a668e8023eed8b5350bf7cc4
96443588587,32374827957,ci-core,onnx-light main (ubuntu-latest),completed,success,2026-08-20T13:32:18Z,2026-08-20T13:37:20Z,302,286bfad8c2a03415d2d9d8d5e3d4696830739784
96443652688,32372373620,ci-core,onnx-light main (ubuntu-latest),completed,failure,2026-08-20T13:32:31Z,2026-08-20T13:36:05Z,214,3904db3a1e8922b1acad3b3a5d7cb7ca07800b08
96443745963,32372084864,ci-core,onnx-light main (ubuntu-latest),completed,success,2026-08-20T13:33:59Z,2026-08-20T13:37:39Z,220,e63acdb16a46d533247f902c8f25c8d1d2064a6a
96432367447,32371335913,ci-core,onnx-light main (ubuntu-latest),completed,success,2026-08-20T12:54:55Z,2026-08-20T12:58:33Z,218,87346200d69465b62de1e469d7462d255378c54b
96432500390,32368456110,ci-core,onnx-light main (ubuntu-latest),completed,success,2026-08-20T12:55:23Z,2026-08-20T12:58:47Z,204,f8e7ce035aa6ffd3ee9b37b5921fee36efdfc8ed
96418537252,32366989169,ci-core,onnx-light main (ubuntu-latest),completed,success,2026-08-20T12:04:54Z,2026-08-20T12:11:11Z,377,da46a2c2197d811270c3bdc4b3c4b1b2e3dc27e7
96418726847,32364296426,ci-core,onnx-light main (ubuntu-latest),completed,success,2026-08-20T12:05:37Z,2026-08-20T12:10:09Z,272,b96425660f0221cc3d98105980ec54479e61604b
96405091605,32362561732,ci-core,onnx-light main (ubuntu-latest),completed,success,2026-08-20T11:11:08Z,2026-08-20T11:27:48Z,1000,af814cc692c616717b51f4fac5494dab459cdd10
96405164865,32360010308,ci-core,onnx-light main (ubuntu-latest),completed,success,2026-08-20T11:12:40Z,2026-08-20T11:25:10Z,750,631954b342b65bc0a9201ff8bb0c7e181ef10aa1
96396702295,32359782046,ci-core,onnx-light main (ubuntu-latest),completed,success,2026-08-20T10:36:51Z,2026-08-20T10:39:29Z,158,69459cd2b1b00bbdbda60a8a6fc98c130b83c68c
96396853843,32356226190,ci-core,onnx-light main (ubuntu-latest),completed,success,2026-08-20T10:37:29Z,2026-08-20T10:40:51Z,202,7344e993165394cfcef3df4f96293aa9685b753a
96383068490,32354196972,ci-core,onnx-light main (ubuntu-latest),completed,failure,2026-08-20T09:43:12Z,2026-08-20T09:46:32Z,200,626b3f6ca6b3e19a213d4c0b01ca7d221defe63b
96382996686,32353137987,ci-core,onnx-light main (ubuntu-latest),completed,success,2026-08-20T09:42:45Z,2026-08-20T09:46:14Z,209,e765992f78e8df9f38d89038c47ab21d4d48ed2b
96375644151,32352867325,ci-core,onnx-light main (ubuntu-latest),completed,success,2026-08-20T09:14:34Z,2026-08-20T09:16:48Z,134,5e99689ad463d474f38c05e7b658d62c68b5e912
96371703940,32350317178,ci-core,onnx-light main (ubuntu-latest),completed,success,2026-08-20T08:59:46Z,2026-08-20T09:03:52Z,246,ba04a1a6a116c486146bacc6d1bad46f3fd8bbaa
96371739236,32349760416,ci-core,onnx-light main (ubuntu-latest),completed,success,2026-08-20T09:00:03Z,2026-08-20T09:03:42Z,219,9b4bb34f4c14b7f6734068c5897a97b122f2d87e
96360602020,32347944300,ci-core,onnx-light main (ubuntu-latest),completed,success,2026-08-20T08:15:55Z,2026-08-20T08:18:15Z,140,decbd7780fbaae3117bcefc2204064912be613a9
96359303587,32346934741,ci-core,onnx-light main (ubuntu-latest),completed,success,2026-08-20T08:10:55Z,2026-08-20T08:13:17Z,142,a7bc4260935a8069a193fc562927b94dbc0b392a
96351404226,32344876680,ci-core,onnx-light main (ubuntu-latest),completed,success,2026-08-20T07:38:28Z,2026-08-20T07:41:14Z,166,12af5db24763940479bde630a2e569bba60bcf46
96349910337,32344367127,ci-core,onnx-light main (ubuntu-latest),completed,success,2026-08-20T07:31:14Z,2026-08-20T07:33:46Z,152,9ca205d08ba46cf75a905db25dcd77cda1c340e9
96349768591,32344340544,ci-core,onnx-light main (ubuntu-latest),completed,cancelled,2026-08-20T07:30:38Z,2026-08-20T07:31:09Z,31,019e83cc76bdfe2750975135ab1db8c5ab918cbf
96348649494,32343971780,ci-core,onnx-light main (ubuntu-latest),completed,success,2026-08-20T07:27:17Z,2026-08-20T07:29:28Z,131,48e99a2e4253347165bc9b8187ea11ec62b8c669
96346594359,32343271143,ci-core,onnx-light main (ubuntu-latest),completed,success,2026-08-20T07:17:57Z,2026-08-20T07:19:53Z,116,5e67e43e647b15b5f93cedeca674b368468e6e65
96346409783,32343235936,ci-core,onnx-light main (ubuntu-latest),completed,cancelled,2026-08-20T07:16:20Z,2026-08-20T07:16:48Z,28,e7b4478fd913f9fafa7144671e0f3ad7ac4450e9
96336307212,32339730049,ci-core,onnx-light main (ubuntu-latest),completed,success,2026-08-20T06:30:48Z,2026-08-20T06:45:46Z,898,bebbd63f8bc56f9d28e881f47fb55adabb280719
96909578013,32526515141,ci-core,onnx-light main (ubuntu-latest),completed,success,2026-08-21T21:01:50Z,2026-08-21T21:04:17Z,147,d5c4dd65457369f554f975a52aeccca47876f767
96870391340,32513689463,ci-core,onnx-light main (ubuntu-latest),completed,success,2026-08-21T18:30:24Z,2026-08-21T18:33:05Z,161,8d615032991bdd47f9b6132e4106446b676a65eb
96868161718,32512981459,ci-core,onnx-light main (ubuntu-latest),completed,success,2026-08-21T18:22:13Z,2026-08-21T18:27:31Z,318,05a1ed5ee2a8ad7a321de50cad061f4c9415821d
96864079119,32484051028,ci-core,onnx-light main (ubuntu-latest),completed,success,2026-08-21T18:07:21Z,2026-08-21T18:13:05Z,344,87cd55e7a1657739f24f4a4870fe9256c7782c5c
96775089050,32483597976,ci-core,onnx-light main (ubuntu-latest),completed,success,2026-08-21T12:47:44Z,2026-08-21T12:51:26Z,222,ca02a2077f758c72e30da9607a0187029350da85
96772734039,32482800996,ci-core,onnx-light main (ubuntu-latest),completed,success,2026-08-21T12:38:17Z,2026-08-21T12:42:14Z,237,f823595cc2d2d7321a05dc8123c7047eddfcd992
96772364380,32482707713,ci-core,onnx-light main (ubuntu-latest),completed,cancelled,2026-08-21T12:37:40Z,2026-08-21T12:38:10Z,30,c8587e9940269f710874f2eeb8633f9aa3bd871c
96772172300,32482646839,ci-core,onnx-light main (ubuntu-latest),completed,success,2026-08-21T12:35:59Z,2026-08-21T12:39:55Z,236,da5c5462dd65b7b6c8fa1b6ca77f1d8855aad595
96752100224,32475891118,ci-core,onnx-light main (ubuntu-latest),completed,success,2026-08-21T11:09:33Z,2026-08-21T11:12:51Z,198,15d8215a2e618d47662d55cc0c33dfc01ef702df
96751815254,32475819557,ci-core,onnx-light main (ubuntu-latest),completed,cancelled,2026-08-21T11:08:18Z,2026-08-21T11:09:29Z,71,29b6180c7a3a4f812c52fc199ea1512d6e79415e
96747456431,32474333693,ci-core,onnx-light main (ubuntu-latest),completed,success,2026-08-21T10:49:53Z,2026-08-21T10:54:03Z,250,621e2d65209d8e05ee784e975e9ced616e45f295
96745109024,32473408092,ci-core,onnx-light main (ubuntu-latest),completed,success,2026-08-21T10:39:05Z,2026-08-21T10:54:05Z,900,6d0e4df9e467d049a52bb74c9fc384c5d6df834a
96744017819,32473163008,ci-core,onnx-light main (ubuntu-latest),completed,success,2026-08-21T10:34:35Z,2026-08-21T10:54:04Z,1169,7233acf5d08f23a9bd9e8caa6c78543cb5f279d3
96735129873,32466284439,ci-core,onnx-light main (ubuntu-latest),completed,success,2026-08-21T09:55:27Z,2026-08-21T10:15:22Z,1195,e82bc27f61332259a2f0b784b7d49e61d67f9821
97007722294,32563012560,ci-core,onnx-light main (ubuntu-latest),completed,success,2026-08-22T08:45:56Z,2026-08-22T08:47:40Z,104,9c48491c366b57ea7852aab042a751804dfe42a9
97217616062,32647871422,ci-core,onnx-light main (ubuntu-latest),completed,success,2026-08-23T15:35:20Z,2026-08-23T15:39:26Z,246,d368b1e7d3aeae369e68628c05b26a725789a028
97217649824,32647168707,ci-core,onnx-light main (ubuntu-latest),completed,failure,2026-08-23T15:36:12Z,2026-08-23T15:39:26Z,194,bd34f4725b26a79ce672aa7408c2908011bac797
97211668624,32646588094,ci-core,onnx-light main (ubuntu-latest),completed,success,2026-08-23T14:49:00Z,2026-08-23T14:51:00Z,120,d1c28c7acfd25f14769f2a6e89f9bc96ccd37a22
97194183878,32638736740,ci-core,onnx-light main (ubuntu-latest),completed,success,2026-08-23T12:27:44Z,2026-08-23T12:31:19Z,215,21229b80a7d1398ee6511f5269ec088f6b7854d2
97194219733,32638566003,ci-core,onnx-light main (ubuntu-latest),completed,success,2026-08-23T12:28:05Z,2026-08-23T12:32:16Z,251,af5328f3ea7a28d7bc890ad0f2e26dcf9b9a429a
97187722863,32633983643,ci-core,onnx-light main (ubuntu-latest),completed,success,2026-08-23T11:32:13Z,2026-08-23T11:36:17Z,244,a812e69f6ad407df4d4ac6366993294b3fb1734b
97187646158,32631332903,ci-core,onnx-light main (ubuntu-latest),completed,failure,2026-08-23T11:31:31Z,2026-08-23T11:33:39Z,128,777148a0b3dfe514e624def572f1555bf76385cc
97174195588,32631191134,ci-core,onnx-light main (ubuntu-latest),completed,success,2026-08-23T09:30:51Z,2026-08-23T09:33:40Z,169,bfb126b31e36e90f2247172dc9b9ffb5f94a4c36
97174115943,32631171257,ci-core,onnx-light main (ubuntu-latest),completed,cancelled,2026-08-23T09:30:11Z,2026-08-23T09:30:47Z,36,0c37a944d593c2ab5d64e2143d890d6aaf3866c6
97173905475,32630814458,ci-core,onnx-light main (ubuntu-latest),completed,failure,2026-08-23T09:28:20Z,2026-08-23T09:30:13Z,113,a4c5656b39fcba76e2cca90dceb80adf2c8b6315
97173229596,32630809857,ci-core,onnx-light main (ubuntu-latest),completed,success,2026-08-23T09:22:21Z,2026-08-23T09:24:32Z,131,6f2d21eb5f34e3becb56c98518e1d4fa7deb4e4d
97172801633,32630639157,ci-core,onnx-light main (ubuntu-latest),completed,success,2026-08-23T09:18:30Z,2026-08-23T09:20:48Z,138,a29b3c10b6899302e6d40238b38c1c33d60ba848
97169524726,32628472534,ci-core,onnx-light main (ubuntu-latest),completed,failure,2026-08-23T08:50:11Z,2026-08-23T08:51:35Z,84,9a98a7405a1731b84b168e015c88532d12826ed2
97164128487,32627162932,ci-core,onnx-light main (ubuntu-latest),completed,success,2026-08-23T08:02:02Z,2026-08-23T08:03:35Z,93,5590d1651bf83750f3375410c154da4c912451e0
97161583773,32626087979,ci-core,onnx-light main (ubuntu-latest),completed,success,2026-08-23T07:38:30Z,2026-08-23T07:40:42Z,132,1f5b88cec02d06e2840dca86486cddee734bee94
97161193445,32625936478,ci-core,onnx-light main (ubuntu-latest),completed,success,2026-08-23T07:35:01Z,2026-08-23T07:37:14Z,133,52c22aba2ba5241165916298c9e679f9fc21f5a2
97160272416,32625563752,ci-core,onnx-light main (ubuntu-latest),completed,success,2026-08-23T07:26:26Z,2026-08-23T07:28:18Z,112,9eb5e2a1b37651337b9a5409bb8999cc95d0408b
97159496680,32625239840,ci-core,onnx-light main (ubuntu-latest),completed,success,2026-08-23T07:19:20Z,2026-08-23T07:21:42Z,142,7c256a1e5d59f14526700eb1e3d244cfc2a6252d
97159440424,32625228077,ci-core,onnx-light main (ubuntu-latest),completed,cancelled,2026-08-23T07:18:48Z,2026-08-23T07:19:17Z,29,ddbccb8d40110d651155f7ecd5e616f4f9c7dfe8
97158561890,32624803827,ci-core,onnx-light main (ubuntu-latest),completed,success,2026-08-23T07:11:02Z,2026-08-23T07:13:25Z,143,6aab55eb785a6b6ee8c273f25bced97479cc17c1
97157878061,32624603913,ci-core,onnx-light main (ubuntu-latest),completed,success,2026-08-23T07:04:42Z,2026-08-23T07:07:19Z,157,61b584ecb294c59860fde418bd9c3a6e6f4901f5
97158034503,32624556761,ci-core,onnx-light main (ubuntu-latest),completed,success,2026-08-23T07:06:11Z,2026-08-23T07:08:39Z,148,c4b6fe3a951f548e1d9ecaca434c40aca1cda47a
97154550240,32623225279,ci-core,onnx-light main (ubuntu-latest),completed,success,2026-08-23T06:33:33Z,2026-08-23T06:35:56Z,143,64e0f799e33a132e7f47d8ce7e50cd40f065cc9c
97154495737,32623215759,ci-core,onnx-light main (ubuntu-latest),completed,cancelled,2026-08-23T06:33:01Z,2026-08-23T06:33:29Z,28,58b77beee8baad8562ccdc79c7a09f4add607f2e
97153597604,32622282727,ci-core,onnx-light main (ubuntu-latest),completed,success,2026-08-23T06:24:45Z,2026-08-23T06:28:48Z,243,1f89cff6e0dc0ba7adf9ef41bfc3dac55ca89ad1
97153554162,32622241591,ci-core,onnx-light main (ubuntu-latest),completed,success,2026-08-23T06:24:21Z,2026-08-23T06:28:21Z,240,82584009d37b0b299d4ccc5e65ec235019b097e7
97104691803,32603310834,ci-core,onnx-light main (ubuntu-latest),completed,success,2026-08-22T22:45:02Z,2026-08-22T22:49:23Z,261,10518ad2678515b9a660e8bafce5a595ff093193
97104755891,32588025790,ci-core,onnx-light main (ubuntu-latest),completed,success,2026-08-22T22:45:36Z,2026-08-22T22:50:18Z,282,960f77c61554d13cfddaf87a3a2340b74637720d
97104854960,32587437014,ci-core,onnx-light main (ubuntu-latest),completed,success,2026-08-22T22:46:38Z,2026-08-22T22:51:19Z,281,fcfdb5ba58accda7061b77df7bf80cf14d0cf963
97063234684,32586355254,ci-core,onnx-light main (ubuntu-latest),completed,success,2026-08-22T16:59:27Z,2026-08-22T17:02:17Z,170,28492a678d2d410ce89cf1a56f56d3b2797d8211
97063169593,32586344509,ci-core,onnx-light main (ubuntu-latest),completed,cancelled,2026-08-22T16:58:57Z,2026-08-22T16:59:23Z,26,5af5454b26bb418dce67d0c992f034d9f60a5e8c
97063241385,32585630238,ci-core,onnx-light main (ubuntu-latest),completed,success,2026-08-22T16:59:31Z,2026-08-22T17:02:36Z,185,b17243913ffc29cef63e1546f7dad08e324949a2
97061399720,32585594672,ci-core,onnx-light main (ubuntu-latest),completed,success,2026-08-22T16:45:03Z,2026-08-22T16:48:12Z,189,fbc69196d9ed753a6100c8209f6b34c4e3076407
97060920344,32585391756,ci-core,onnx-light main (ubuntu-latest),completed,success,2026-08-22T16:40:23Z,2026-08-22T16:45:16Z,293,ab9eb11dd4d7eb9904838f3decabbe705f65d9af
97060811079,32585366537,ci-core,onnx-light main (ubuntu-latest),completed,success,2026-08-22T16:39:32Z,2026-08-22T16:43:14Z,222,91e75e853b6ba64b935f38084694eb561ca86da0
97060806408,32585364601,ci-core,onnx-light main (ubuntu-latest),completed,cancelled,2026-08-22T16:39:30Z,2026-08-22T16:40:15Z,45,3c788f453a44523eb79127fc62cc5cf0f7160f72
97061071591,32582398684,ci-core,onnx-light main (ubuntu-latest),completed,success,2026-08-22T16:41:48Z,2026-08-22T16:46:12Z,264,ed39ac9ef51ea45c0e56711299ab1d0b597eaf81
97051025103,32581324861,ci-core,onnx-light main (ubuntu-latest),completed,success,2026-08-22T15:19:02Z,2026-08-22T15:21:26Z,144,588fd45e6ca3bcef27aba0d221d5fd7291da8e34
97052056012,32581255789,ci-core,onnx-light main (ubuntu-latest),completed,success,2026-08-22T15:28:00Z,2026-08-22T15:31:43Z,223,b6efed54fb51e4cdd5ad2e2f7fad071139d6cf47
97052028978,32581252410,ci-core,onnx-light main (ubuntu-latest),completed,success,2026-08-22T15:27:15Z,2026-08-22T15:30:19Z,184,65f1e39f7bc4e1b4cbcc2c1e413da3e33098916d
97050750416,32581194714,ci-core,onnx-light main (ubuntu-latest),completed,success,2026-08-22T15:16:45Z,2026-08-22T15:19:49Z,184,8da38a52e3995d5c1817f5afd71c520a3d5f9146
97050084606,32580917912,ci-core,onnx-light main (ubuntu-latest),completed,cancelled,2026-08-22T15:11:21Z,2026-08-22T15:16:40Z,319,c7a50a4fa7232d6331737d4c61cbf434751b40f9
97049823671,32580821618,ci-core,onnx-light main (ubuntu-latest),completed,cancelled,2026-08-22T15:09:19Z,2026-08-22T15:11:12Z,113,985436e84fe16d0f8cc162bd36a4e807400cd510
97047767980,32579946484,ci-core,onnx-light main (ubuntu-latest),completed,success,2026-08-22T14:52:21Z,2026-08-22T14:55:20Z,179,d82d85c0924907b804ab5d2e3ec3de8aa0bda379
97046617625,32579319034,ci-core,onnx-light main (ubuntu-latest),completed,success,2026-08-22T14:50:11Z,2026-08-22T14:53:30Z,199,801e16521e84eda2d1f05c50b1a72e71a25a7a2c
97046191405,32579164531,ci-core,onnx-light main (ubuntu-latest),completed,success,2026-08-22T14:47:25Z,2026-08-22T14:52:10Z,285,4dcba309381b6b4de8c56b209269ac9273ee5e0a
97045572100,32579033499,ci-core,onnx-light main (ubuntu-latest),completed,success,2026-08-22T14:35:03Z,2026-08-22T14:50:08Z,905,d26943bee78a5208225201906990a45f63cd7939
97045011101,32578798983,ci-core,onnx-light main (ubuntu-latest),completed,cancelled,2026-08-22T14:29:23Z,2026-08-22T14:33:32Z,249,dd053441b934ad3cdf36be0b467476136aed31af
97044895517,32578746008,ci-core,onnx-light main (ubuntu-latest),completed,cancelled,2026-08-22T14:27:39Z,2026-08-22T14:28:23Z,44,5a4489d62dab548c4eeffe04fe543acaa65260ad
97044788563,32578719472,ci-core,onnx-light main (ubuntu-latest),completed,success,2026-08-22T14:27:47Z,2026-08-22T14:44:39Z,1012,4aec6dd79a3f1bcb2ac2f5e390c513e5f114ea0f
97044426369,32578553456,ci-core,onnx-light main (ubuntu-latest),completed,success,2026-08-22T14:23:41Z,2026-08-22T14:26:45Z,184,178c2aeac510a140501406074f5f16b677651de2
97044181216,32578463109,ci-core,onnx-light main (ubuntu-latest),completed,cancelled,2026-08-22T14:21:52Z,2026-08-22T14:23:34Z,102,d2e758829dd63dd037db036e18e0b967d9ee6007
97044089478,32578404996,ci-core,onnx-light main (ubuntu-latest),completed,success,2026-08-22T14:20:46Z,2026-08-22T14:25:17Z,271,fd86ee1da9d14a9c59c029c0baddc484360370b7
97043748920,32578282930,ci-core,onnx-light main (ubuntu-latest),completed,success,2026-08-22T14:17:53Z,2026-08-22T14:21:23Z,210,a43b7add567861171b4203e9354dfc4e658c2843
97043463057,32578163309,ci-core,onnx-light main (ubuntu-latest),completed,success,2026-08-22T14:16:30Z,2026-08-22T14:20:14Z,224,66e398233520355f72d13bb68ef5d4ee96736d76
97043414061,32578143362,ci-core,onnx-light main (ubuntu-latest),completed,success,2026-08-22T14:14:59Z,2026-08-22T14:18:24Z,205,8d8cbf5b7bc61f731c8a37a2af88a0307ef88d9a
97042727136,32577835213,ci-core,onnx-light main (ubuntu-latest),completed,success,2026-08-22T14:09:09Z,2026-08-22T14:11:56Z,167,e1d0aeea11c1fe7a2b43daa9bb5a3c04189a4a3f
97043094215,32577825238,ci-core,onnx-light main (ubuntu-latest),completed,success,2026-08-22T14:12:17Z,2026-08-22T14:14:49Z,152,7b4a453c7af3c78fcd97b7b6efdaf9fdbbd30d74
97042417613,32577727929,ci-core,onnx-light main (ubuntu-latest),completed,cancelled,2026-08-22T14:07:22Z,2026-08-22T14:09:03Z,101,d4d10ed6bf138098c8621b05d54644343c1fe461
97042000713,32577562187,ci-core,onnx-light main (ubuntu-latest),completed,success,2026-08-22T14:03:13Z,2026-08-22T14:05:15Z,122,dea8ff4b0a527aaccde20d6c6ed6c739568a6ea3
97042387999,32577291710,ci-core,onnx-light main (ubuntu-latest),completed,success,2026-08-22T14:06:22Z,2026-08-22T14:08:28Z,126,c8ac01ecbf0bbd8825559b65d05f2505c6526f94
97041365090,32576856551,ci-core,onnx-light main (ubuntu-latest),completed,success,2026-08-22T13:57:54Z,2026-08-22T13:59:52Z,118,d8aad2552c0911b23085da809cf5d680a3e562a6
97040306281,32576840550,ci-core,onnx-light main (ubuntu-latest),completed,success,2026-08-22T13:48:32Z,2026-08-22T13:51:15Z,163,7f1c69b92b5bfce72d8ea8452799439e3f31d49d
97039508375,32576496478,ci-core,onnx-light main (ubuntu-latest),completed,success,2026-08-22T13:41:38Z,2026-08-22T13:43:42Z,124,fbe9fe795e28ce4d7881b182a753dfee99f506bc
97033817698,32574100503,ci-core,onnx-light main (ubuntu-latest),completed,success,2026-08-22T12:51:12Z,2026-08-22T12:52:48Z,96,0c79298731fe12c856675e2d4b065d2d016f11cf
97033753885,32574087842,ci-core,onnx-light main (ubuntu-latest),completed,cancelled,2026-08-22T12:50:38Z,2026-08-22T12:51:07Z,29,df59ce831cf181bece78dfe1c48f56fdf1c79c02
97033222471,32573791832,ci-core,onnx-light main (ubuntu-latest),completed,success,2026-08-22T12:45:47Z,2026-08-22T12:47:50Z,123,1de25939622297b62d2ffac1c6534246088880dc
97032849946,32573712804,ci-core,onnx-light main (ubuntu-latest),completed,success,2026-08-22T12:42:25Z,2026-08-22T12:44:13Z,108,ab6d93f89eef3d97e8cf55b534e06e2b538d440c
97032204628,32572885454,ci-core,onnx-light main (ubuntu-latest),completed,success,2026-08-22T12:36:23Z,2026-08-22T12:38:16Z,113,11ed64b8103d2d43c1816b26d1b719e855278f95
97030546114,32572746379,ci-core,onnx-light main (ubuntu-latest),completed,success,2026-08-22T12:21:02Z,2026-08-22T12:23:15Z,133,7896ed459d7e33f6dba7183181af78e9aa309904
97026073889,32570889038,ci-core,onnx-light main (ubuntu-latest),completed,success,2026-08-22T11:39:52Z,2026-08-22T11:42:18Z,146,b9dd41aa8636756f68a8d4fe3cb57e731fa55266
97025897779,32569170711,ci-core,onnx-light main (ubuntu-latest),completed,success,2026-08-22T11:38:12Z,2026-08-22T11:41:21Z,189,14d4ce4ae902c0d60ae908a3183ae19251d7915d
97019938199,32568237569,ci-core,onnx-light main (ubuntu-latest),completed,success,2026-08-22T10:41:13Z,2026-08-22T10:43:29Z,136,d7db22b4ba3a7325988fd80e251dfc9a4a78c12e
97019787086,32568192189,ci-core,onnx-light main (ubuntu-latest),completed,cancelled,2026-08-22T10:39:49Z,2026-08-22T10:41:02Z,73,792df1ad638be7d8be736ce46c028bca60573de1
97017845812,32567365572,ci-core,onnx-light main (ubuntu-latest),completed,success,2026-08-22T10:20:50Z,2026-08-22T10:22:53Z,123,54481d2b2fc9f83761570effa3470473a4881602
97017403553,32567181910,ci-core,onnx-light main (ubuntu-latest),completed,success,2026-08-22T10:16:27Z,2026-08-22T10:18:58Z,151,316a2bbf9db12017c94cd512be95eb988c124146
97016413110,32566766163,ci-core,onnx-light main (ubuntu-latest),completed,success,2026-08-22T10:07:09Z,2026-08-22T10:09:16Z,127,d7565f2fc7688c80d8b74273a24d047da56318f1
97015780139,32566333147,ci-core,onnx-light main (ubuntu-latest),completed,success,2026-08-22T10:01:22Z,2026-08-22T10:03:13Z,111,f567f03c0e039fd70e3ec85aa50baa94e759624b
97014812318,32566088996,ci-core,onnx-light main (ubuntu-latest),completed,success,2026-08-22T09:52:07Z,2026-08-22T09:53:35Z,88,bae90dccc3ace366f5b16c64b67a76fee5293395
97014275900,32565822580,ci-core,onnx-light main (ubuntu-latest),completed,success,2026-08-22T09:46:53Z,2026-08-22T09:48:32Z,99,8e990710fd4a9ba18d2e27b2c8d8228ee1c151fd
97012863467,32565256982,ci-core,onnx-light main (ubuntu-latest),completed,success,2026-08-22T09:33:25Z,2026-08-22T09:39:50Z,385,752ee469da2251c3f56c627138ce99064e083a4f
97010904187,32564198512,ci-core,onnx-light main (ubuntu-latest),completed,success,2026-08-22T09:15:37Z,2026-08-22T09:21:00Z,323,70632bd8680b41cd4ee8a6167a0f8ec940b57036
97708036274,32817290301,ci-core,onnx-light main (ubuntu-latest),completed,success,2026-08-25T06:30:49Z,2026-08-25T06:35:15Z,266,4bde7fbfdac33cbe1de7e57b5169a5b153e7736a
97706785746,32816856035,ci-core,onnx-light main (ubuntu-latest),completed,success,2026-08-25T06:24:52Z,2026-08-25T06:29:15Z,263,f05d8da71d2af8039018e93d2d7601af1fa10e70
97536991364,32760202022,ci-core,onnx-light main (ubuntu-latest),completed,success,2026-08-24T18:03:40Z,2026-08-24T18:08:20Z,280,8920f23afcb6956d1cc555c0e6a3c7948d21e2e2
97527201449,32757144346,ci-core,onnx-light main (ubuntu-latest),completed,success,2026-08-24T17:33:09Z,2026-08-24T17:36:08Z,179,5705a4914cbdc49ac2ec44f954eb5af4aa62f2f6
97525875468,32756025873,ci-core,onnx-light main (ubuntu-latest),completed,success,2026-08-24T17:27:27Z,2026-08-24T17:31:12Z,225,e90543d1a3ecd18f73aca9f4f046d86d2bf0eb2f
97523568439,32755997515,ci-core,onnx-light main (ubuntu-latest),completed,success,2026-08-24T17:19:55Z,2026-08-24T17:24:40Z,285,19bf3ac2b5288ea3eb993b48076df82cb476fe8f
97516409549,32753740646,ci-core,onnx-light main (ubuntu-latest),completed,success,2026-08-24T16:56:37Z,2026-08-24T17:01:45Z,308,b852b8400ed3ed5825599ec9109bfebf530c84fe
97515405499,32753420811,ci-core,onnx-light main (ubuntu-latest),completed,success,2026-08-24T16:53:19Z,2026-08-24T16:58:04Z,285,f43db528f643d00bf176e7c6d2edfc27112768ab
97509228838,32751408367,ci-core,onnx-light main (ubuntu-latest),completed,success,2026-08-24T16:33:11Z,2026-08-24T16:37:45Z,274,fdd960db658f2f8ecfb20f706683bfd017ce6152
97506255899,32750560000,ci-core,onnx-light main (ubuntu-latest),completed,success,2026-08-24T16:23:36Z,2026-08-24T16:27:39Z,243,fb5777b6be6f6e4eb5b6851c1ab43aeb1a1b16c9
97503566879,32749330395,ci-core,onnx-light main (ubuntu-latest),completed,success,2026-08-24T16:15:03Z,2026-08-24T16:19:22Z,259,2067676e0017762f502cce46c0e6052d9181fef7
97500583707,32748207267,ci-core,onnx-light main (ubuntu-latest),completed,success,2026-08-24T16:05:41Z,2026-08-24T16:09:42Z,241,a3fafd30c0814671c1decce94c62f8d3d72a2b78
97495771193,32747298076,ci-core,onnx-light main (ubuntu-latest),completed,failure,2026-08-24T15:50:28Z,2026-08-24T15:54:05Z,217,2d85f9523cfac6ebfd343522a53509ef2c59bd4c
97483971002,32743691115,ci-core,onnx-light main (ubuntu-latest),completed,success,2026-08-24T15:15:00Z,2026-08-24T15:20:02Z,302,4513a834f20197ececa5b0118c5f5826efe213fa
97479663276,32740542615,ci-core,onnx-light main (ubuntu-latest),completed,success,2026-08-24T15:02:10Z,2026-08-24T15:06:14Z,244,559ad6c02da61efc82d1df8650119de182d95cde
97472915844,32740292458,ci-core,onnx-light main (ubuntu-latest),completed,failure,2026-08-24T14:42:00Z,2026-08-24T14:45:34Z,214,9fc81c1395ae927b0ee8972c00fe4ffb0d1b83b1
97471465549,32739865476,ci-core,onnx-light main (ubuntu-latest),completed,failure,2026-08-24T14:37:38Z,2026-08-24T14:41:12Z,214,026f7fce8b0c67b7411e9bcd7935fc3de446a3d0
97469007150,32739091004,ci-core,onnx-light main (ubuntu-latest),completed,success,2026-08-24T14:30:24Z,2026-08-24T14:33:18Z,174,49fdd396415c74f042e8c52d6b4d8e40ed9a28b1
97462669042,32737139847,ci-core,onnx-light main (ubuntu-latest),completed,failure,2026-08-24T14:11:36Z,2026-08-24T14:14:27Z,171,7b613a4b9b3450247fe2345387970f1505dab22e
97459936079,32736299398,ci-core,onnx-light main (ubuntu-latest),completed,success,2026-08-24T14:03:31Z,2026-08-24T14:08:03Z,272,313b773c73065f6138217d856d8006a76e6f99e5
97458868770,32735986356,ci-core,onnx-light main (ubuntu-latest),completed,failure,2026-08-24T14:00:19Z,2026-08-24T14:03:00Z,161,dad0ea5a8cbcdb03ec07cfc5b7ef4096ae7c9e14
97455461830,32734669080,ci-core,onnx-light main (ubuntu-latest),completed,success,2026-08-24T13:49:31Z,2026-08-24T13:52:52Z,201,64989d41934dbf0ec4b80a0cd83fa143e42e649f
97455563992,32734544159,ci-core,onnx-light main (ubuntu-latest),completed,success,2026-08-24T13:51:11Z,2026-08-24T13:55:02Z,231,1e85d43757d8b635547b0c1a05a29c4c3e08f618
97453861445,32734389460,ci-core,onnx-light main (ubuntu-latest),completed,failure,2026-08-24T13:44:23Z,2026-08-24T13:46:58Z,155,8dcd0cd46c2d18ef7b08514acb2e0762596bfe30
97452042591,32733830506,ci-core,onnx-light main (ubuntu-latest),completed,failure,2026-08-24T13:38:25Z,2026-08-24T13:40:58Z,153,0e385ffa5872382ff17ec9688578cb5affc183f3
97450474026,32733321190,ci-core,onnx-light main (ubuntu-latest),completed,cancelled,2026-08-24T13:33:23Z,2026-08-24T13:38:11Z,288,0552eda2ba579ce6317fa92b9695ebb09bd29701
97449185985,32732971087,ci-core,onnx-light main (ubuntu-latest),completed,success,2026-08-24T13:29:20Z,2026-08-24T13:51:07Z,1307,3341645911dc222222e1639c4192a16e14d6436b
97446466807,32732065289,ci-core,onnx-light main (ubuntu-latest),completed,cancelled,2026-08-24T13:21:28Z,2026-08-24T13:32:56Z,688,cdf802c473ce43c6139078e17aac80f73c5a0eb0
97445967036,32731718140,ci-core,onnx-light main (ubuntu-latest),completed,success,2026-08-24T13:19:01Z,2026-08-24T13:21:59Z,178,e3dece08473b1f4a03042a4cafe656f893698e8c
97443116521,32731043431,ci-core,onnx-light main (ubuntu-latest),completed,cancelled,2026-08-24T13:09:43Z,2026-08-24T13:20:18Z,635,278e69b77164fe79e6f41efbd459f80c4f5d1f4e
97444477623,32730993584,ci-core,onnx-light main (ubuntu-latest),completed,failure,2026-08-24T13:14:11Z,2026-08-24T13:39:24Z,1513,6fc820296c6b1b98f3be0aa2c2e14974d3b2813c
97441043386,32730088754,ci-core,onnx-light main (ubuntu-latest),completed,failure,2026-08-24T13:02:43Z,2026-08-24T13:05:56Z,193,bd207814c65e030d2b3a89da2e5f63f0d580636b
97437254679,32726702799,ci-core,onnx-light main (ubuntu-latest),completed,failure,2026-08-24T12:49:37Z,2026-08-24T12:52:20Z,163,1b390355c1643962de86c51a0434546409905748
97429050690,32726519142,ci-core,onnx-light main (ubuntu-latest),completed,failure,2026-08-24T12:20:18Z,2026-08-24T12:41:38Z,1280,43c7899611d73c3ed41f82e89dd57e88e62a6379
97424114920,32724977661,ci-core,onnx-light main (ubuntu-latest),completed,success,2026-08-24T12:02:44Z,2026-08-24T12:06:25Z,221,9093aa58195c7d35ca0127a0d79c5ac1ac0dcb9d
97423379617,32724586886,ci-core,onnx-light main (ubuntu-latest),completed,failure,2026-08-24T12:00:00Z,2026-08-24T12:02:22Z,142,2b538436a2f4c08ff21ecf463fa373b5b5ea18d9
97422193005,32724342269,ci-core,onnx-light main (ubuntu-latest),completed,success,2026-08-24T11:55:25Z,2026-08-24T11:58:21Z,176,edcbacded782c263ee29591202dbd18910405767
97419943189,32723585022,ci-core,onnx-light main (ubuntu-latest),completed,failure,2026-08-24T11:46:35Z,2026-08-24T11:49:09Z,154,1a642cf055e206a0d39b30799c4c698f2b49ce10
97417587703,32722795405,ci-core,onnx-light main (ubuntu-latest),completed,failure,2026-08-24T11:37:26Z,2026-08-24T11:39:46Z,140,01bb322faea0af79efdbec0266dd777b5fb8ed12
97411327302,32720709356,ci-core,onnx-light main (ubuntu-latest),completed,failure,2026-08-24T11:13:00Z,2026-08-24T11:15:21Z,141,bbc8ad5651f1e5203acbddbf5f6c11e577aa6792
97409284142,32720033660,ci-core,onnx-light main (ubuntu-latest),completed,failure,2026-08-24T11:05:11Z,2026-08-24T11:07:08Z,117,dda8ef2c441b409603e1b8c5e4aac91bedf77b14
97407747349,32719518558,ci-core,onnx-light main (ubuntu-latest),completed,failure,2026-08-24T10:59:10Z,2026-08-24T11:01:35Z,145,0bb6518d6365a30e32739875e9339d2512decd66
97410209203,32719270238,ci-core,onnx-light main (ubuntu-latest),completed,failure,2026-08-24T11:08:47Z,2026-08-24T11:11:17Z,150,21c2d213045eedda25009fba500180e8c8babbb4
97404774919,32718498666,ci-core,onnx-light main (ubuntu-latest),completed,failure,2026-08-24T10:47:06Z,2026-08-24T10:49:36Z,150,0d464fd4a1775eef1dcc0fdcdbae5013a74ed4f1
97403574151,32718108080,ci-core,onnx-light main (ubuntu-latest),completed,failure,2026-08-24T10:42:18Z,2026-08-24T10:45:36Z,198,da050bed50be606b8948e5e5d751dd690872448d
97402948680,32717851015,ci-core,onnx-light main (ubuntu-latest),completed,failure,2026-08-24T10:40:02Z,2026-08-24T10:42:40Z,158,8a1114fdc5f7afdd3ca23ad6ee2001851232279e
97402729939,32717774845,ci-core,onnx-light main (ubuntu-latest),completed,cancelled,2026-08-24T10:38:51Z,2026-08-24T10:39:27Z,36,ac80fcbaad273a3fb036bf737cc7d086d028f4ca
97401621187,32717452341,ci-core,onnx-light main (ubuntu-latest),completed,failure,2026-08-24T10:37:13Z,2026-08-24T10:39:41Z,148,1dce4768c967bacf8cc071318138cbcea0fe7f8c
97401495243,32717410921,ci-core,onnx-light main (ubuntu-latest),completed,success,2026-08-24T10:33:55Z,2026-08-24T10:37:11Z,196,20a06afa09415b19238d04c0f1e5b12262b17a0e
97397114116,32715804369,ci-core,onnx-light main (ubuntu-latest),completed,failure,2026-08-24T10:16:51Z,2026-08-24T10:19:38Z,167,aab1a71cafa411f1f1eb96902f263bf4de2c5d07
97396557588,32715774590,ci-core,onnx-light main (ubuntu-latest),completed,success,2026-08-24T10:14:33Z,2026-08-24T10:16:45Z,132,0379bc12dae21c7f41065e7e371636135057bb55
97394892946,32715182147,ci-core,onnx-light main (ubuntu-latest),completed,success,2026-08-24T10:08:11Z,2026-08-24T10:11:57Z,226,e72b26503e718ccb609e3607a4f663d494faaecc
97394154243,32714972113,ci-core,onnx-light main (ubuntu-latest),completed,success,2026-08-24T10:05:21Z,2026-08-24T10:07:19Z,118,6e9436ca579ec4f912294f48db7caf33b44832ac
97391955180,32714225724,ci-core,onnx-light main (ubuntu-latest),completed,success,2026-08-24T09:58:06Z,2026-08-24T09:59:59Z,113,c8c20b360d275e2c6966923dff08a120a92fa9f2
97399936311,32714126724,ci-core,onnx-light main (ubuntu-latest),completed,failure,2026-08-24T10:27:43Z,2026-08-24T10:29:36Z,113,39a651a8a652c57b5fc53c08218da82c31181806
97400828626,32713304484,ci-core,onnx-light main (ubuntu-latest),completed,failure,2026-08-24T10:31:14Z,2026-08-24T10:33:08Z,114,36125f6e7201d51016f8469fa03c44bedb50a7ba
97385734971,32712173850,ci-core,onnx-light main (ubuntu-latest),completed,success,2026-08-24T09:33:20Z,2026-08-24T09:38:14Z,294,37a4ad15807279ff888adade761ee870471f728e
97385793898,32711687441,ci-core,onnx-light main (ubuntu-latest),completed,success,2026-08-24T09:38:14Z,2026-08-24T09:40:25Z,131,87cddf9347fedcc162e1f7c9446005fd44182622
97381223017,32710687394,ci-core,onnx-light main (ubuntu-latest),completed,success,2026-08-24T09:26:41Z,2026-08-24T09:28:50Z,129,b85827e10be072b4c6d81e3424200dd160d11178
97394298200,32710624905,ci-core,onnx-light main (ubuntu-latest),completed,success,2026-08-24T10:07:24Z,2026-08-24T10:11:18Z,234,2f520c62bdf255c44bf5cbf5a42ff240373239e1
97381280052,32710499802,ci-core,onnx-light main (ubuntu-latest),completed,success,2026-08-24T09:28:10Z,2026-08-24T09:29:49Z,99,7e983fbf8a9aaeea79e0d38d638251615703e04f
97378145015,32708605221,ci-core,onnx-light main (ubuntu-latest),completed,success,2026-08-24T09:07:41Z,2026-08-24T09:10:01Z,140,77dbab32f68242ba8461b38f787b264cf493b5ca
97374317989,32707870989,ci-core,onnx-light main (ubuntu-latest),completed,success,2026-08-24T08:52:29Z,2026-08-24T08:54:23Z,114,ba65e0ec6ddf9800c83794e7a31ca44cc8213395
97371549988,32707477054,ci-core,onnx-light main (ubuntu-latest),completed,success,2026-08-24T08:40:15Z,2026-08-24T08:42:36Z,141,4fc914b545d2a4002cadfd2e09936958db8dffa0
97367679808,32706180591,ci-core,onnx-light main (ubuntu-latest),completed,success,2026-08-24T08:24:54Z,2026-08-24T08:27:05Z,131,96af22676fa5fa1eb7be2b0cc0b2efc898c3263f
97387787515,32703816234,ci-core,onnx-light main (ubuntu-latest),completed,failure,2026-08-24T09:51:10Z,2026-08-24T09:54:06Z,176,7d52a223a9f000976a4f82752e5d4070033b18e9
97387788388,32703706226,ci-core,onnx-light main (ubuntu-latest),completed,failure,2026-08-24T09:51:26Z,2026-08-24T09:53:33Z,127,a569d2dc0f0c523f6cf44816ba6cbcb825528511
97356898752,32702554238,ci-core,onnx-light main (ubuntu-latest),completed,success,2026-08-24T07:45:25Z,2026-08-24T07:47:10Z,105,4f1ae0195d2e99061fc3fa97b76fba15d7383dc2
97355024240,32701911639,ci-core,onnx-light main (ubuntu-latest),completed,success,2026-08-24T07:31:58Z,2026-08-24T07:34:18Z,140,9a7871822991ae2f44714f4993e390b0efd26ec6
97355229436,32701423354,ci-core,onnx-light main (ubuntu-latest),completed,success,2026-08-24T07:33:09Z,2026-08-24T07:36:41Z,212,843621f75cb0b59a8fbb98f845bb06f6321894dd
97353498571,32701155869,ci-core,onnx-light main (ubuntu-latest),completed,success,2026-08-24T07:25:11Z,2026-08-24T07:28:03Z,172,5fb836c4d5d3565cfb9964cd206a9a0919124a64
97351021199,32700554216,ci-core,onnx-light main (ubuntu-latest),completed,success,2026-08-24T07:13:31Z,2026-08-24T07:15:46Z,135,9a08ce7fbdd601bb4f4cd96273449075f166ba71
97349312454,32699957790,ci-core,onnx-light main (ubuntu-latest),completed,success,2026-08-24T07:05:11Z,2026-08-24T07:08:16Z,185,9ce4894aedb415d3881f66fc876f6b0da2cd5a6c
97349489989,32699730710,ci-core,onnx-light main (ubuntu-latest),completed,success,2026-08-24T07:06:04Z,2026-08-24T07:10:03Z,239,dafcc136f0f22047b3555f0e3fc66c469f66cba9
97347543132,32699346010,ci-core,onnx-light main (ubuntu-latest),completed,success,2026-08-24T06:56:15Z,2026-08-24T06:58:44Z,149,d6dd235eaa708ca27c6bd1d91323ffdd4a5da271
97346762991,32699048716,ci-core,onnx-light main (ubuntu-latest),completed,success,2026-08-24T06:52:14Z,2026-08-24T06:54:51Z,157,5a95b67da8afe5da67390d9e0b5f85779aa23178
97345084252,32698476110,ci-core,onnx-light main (ubuntu-latest),completed,success,2026-08-24T06:43:26Z,2026-08-24T06:46:29Z,183,6be639c968ac77f14c130188738be32770b2469e
97345164484,32698031756,ci-core,onnx-light main (ubuntu-latest),completed,failure,2026-08-24T06:43:53Z,2026-08-24T06:46:36Z,163,62bd26ce3e2959a6ba7dd008eb80d8ecb84da815
97345234226,32698002965,ci-core,onnx-light main (ubuntu-latest),completed,success,2026-08-24T06:46:53Z,2026-08-24T06:50:26Z,213,872fd3faaa1d163ae44a1aa34110a75d260cd0d2
97342791412,32697672277,ci-core,onnx-light main (ubuntu-latest),completed,success,2026-08-24T06:31:20Z,2026-08-24T06:34:19Z,179,769fa049ae9bf7b7cd73db3ac6cc7cd7203ad98a
97342953600,32697043753,ci-core,onnx-light main (ubuntu-latest),completed,success,2026-08-24T06:32:11Z,2026-08-24T06:36:26Z,255,0bee40a954cd3994de55b821fff25be267684b5e
97340992883,32696101941,ci-core,onnx-light main (ubuntu-latest),completed,success,2026-08-24T06:22:11Z,2026-08-24T06:24:58Z,167,73327a6112d99bc5c1bc4d91781b2b8153b67b47
97337304330,32695719045,ci-core,onnx-light main (ubuntu-latest),completed,success,2026-08-24T06:02:59Z,2026-08-24T06:05:40Z,161,b66b1ad13feb18bb4ccee9bb411598747eb47074
99470830180,33386673531,ci-core,onnx-light main (ubuntu-latest),completed,success,2026-08-31T11:23:05Z,2026-08-31T11:28:36Z,331,1b39b850ee06b7cc598b37d098f3136e7db809b2
99470638491,33386638607,ci-core,onnx-light main (ubuntu-latest),completed,cancelled,2026-08-31T11:22:25Z,2026-08-31T11:22:58Z,33,681f70664e02e4691b07a2df5c46e1c6a7e31620
99470609329,33386629216,ci-core,onnx-light main (ubuntu-latest),completed,success,2026-08-31T11:22:10Z,2026-08-31T11:26:35Z,265,e03f11407486e2f0d8bf1b01c3f7d2ec4e8e2e8c
99514482736,33400215359,ci-core,onnx-light main (ubuntu-latest),completed,success,2026-08-31T14:01:45Z,2026-08-31T14:05:29Z,224,444e7748487d8af03bcfd6bc86ce78d2841fd966
99501190337,33396198953,ci-core,onnx-light main (ubuntu-latest),completed,success,2026-08-31T13:18:02Z,2026-08-31T13:42:16Z,1454,fc97089e7b46989ca3fb4c05275238221b5c3350
99494282336,33394070413,ci-core,onnx-light main (ubuntu-latest),completed,success,2026-08-31T12:54:01Z,2026-08-31T13:09:37Z,936,d9ac42be2e35ffb051c7c16c5f265f6fedd56b75
99478919767,33389286281,ci-core,onnx-light main (ubuntu-latest),completed,success,2026-08-31T12:25:20Z,2026-08-31T12:40:23Z,903,1100bb7f8c8d1f05098ce99b0e805514f0ae1e2a
100424930327,33683371507,ci-core,onnx-light main (ubuntu-latest),completed,success,2026-09-02T21:07:48Z,2026-09-02T21:11:40Z,232,e332b62638993217f89f97900d8fed122664367a
100417646446,33681113011,ci-core,onnx-light main (ubuntu-latest),completed,success,2026-09-02T20:44:54Z,2026-09-02T20:49:00Z,246,11f60bff3c7ef4bbcf777d58ebbbabbd35160075
100413634449,33679889097,ci-core,onnx-light main (ubuntu-latest),completed,success,2026-09-02T20:32:32Z,2026-09-02T20:36:29Z,237,1df7622aaabe95d000c0232a9620263cfb22faa3
100409700543,33678695000,ci-core,onnx-light main (ubuntu-latest),completed,success,2026-09-02T20:20:36Z,2026-09-02T20:26:14Z,338,da1a70126fb221e3ab614bfd5f6588f7ce2905fa
100409393983,33678600971,ci-core,onnx-light main (ubuntu-latest),completed,success,2026-09-02T20:19:40Z,2026-09-02T20:24:20Z,280,7276c05e41007d7c9ff255ab6e28a32d4852e5e1
100406037627,33677584659,ci-core,onnx-light main (ubuntu-latest),completed,success,2026-09-02T20:09:22Z,2026-09-02T20:14:20Z,298,949ee1e8adcbd3db06e84bd64bed0ee0ceba3fd4
100405355048,33677378278,ci-core,onnx-light main (ubuntu-latest),completed,success,2026-09-02T20:07:16Z,2026-09-02T20:11:05Z,229,ba5bc2897d1a91405777550af972ca3e784cf163
100396628282,33674751733,ci-core,onnx-light main (ubuntu-latest),completed,success,2026-09-02T19:40:48Z,2026-09-02T19:44:19Z,211,37b11e56d632d9a8eff33d7153b16a651cbc9a0d
100384794953,33671148649,ci-core,onnx-light main (ubuntu-latest),completed,success,2026-09-02T19:05:03Z,2026-09-02T19:09:24Z,261,9a43b393f302eb01baf19dcbb56ee6432bedd7df
100352423209,33661366634,ci-core,onnx-light main (ubuntu-latest),completed,success,2026-09-02T17:29:16Z,2026-09-02T17:33:05Z,229,8acd80ea1bac4f57233c15e80e5e4880e8d7ace5
100350693990,33660482983,ci-core,onnx-light main (ubuntu-latest),completed,success,2026-09-02T17:24:13Z,2026-09-02T17:28:17Z,244,a5fc5705dabfd11535cafe4f2bfe95a6a34c2f45
100348046150,33660037935,ci-core,onnx-light main (ubuntu-latest),completed,failure,2026-09-02T17:16:25Z,2026-09-02T17:19:33Z,188,d5f24a58473d1faeabf1721c73d5fa1ad186219e
100343477656,33658661267,ci-core,onnx-light main (ubuntu-latest),completed,failure,2026-09-02T17:03:02Z,2026-09-02T17:05:39Z,157,f5d891a33f71fdc0d34383f814e3972b596d030d
100327248859,33653825273,ci-core,onnx-light main (ubuntu-latest),completed,success,2026-09-02T16:15:51Z,2026-09-02T16:19:51Z,240,d5a1c5e5bb4b2fad5654ac95345ad543bf726135
100215023257,33620137335,ci-core,onnx-light main (ubuntu-latest),completed,success,2026-09-02T10:34:13Z,2026-09-02T10:38:27Z,254,f1b22b1082de8201e39701437a741047d4519952
100208353250,33618031177,ci-core,onnx-light main (ubuntu-latest),completed,success,2026-09-02T10:10:08Z,2026-09-02T10:14:27Z,259,856a92f79fc4083549a554b3b1907290a7c9aece
100206191181,33617361110,ci-core,onnx-light main (ubuntu-latest),completed,failure,2026-09-02T10:02:28Z,2026-09-02T10:06:38Z,250,a68838383e2c73cd67759deb17c891f319fc7312
100198359839,33614900463,ci-core,onnx-light main (ubuntu-latest),completed,success,2026-09-02T09:38:51Z,2026-09-02T09:42:43Z,232,1c047b83e42887c79f39a22422889d0a84623609
100195401601,33613965016,ci-core,onnx-light main (ubuntu-latest),completed,success,2026-09-02T09:26:52Z,2026-09-02T09:30:32Z,220,8868291d592e167b1e8a512117b385af0fcd3d60
100191493646,33612744809,ci-core,onnx-light main (ubuntu-latest),completed,success,2026-09-02T09:11:44Z,2026-09-02T09:15:33Z,229,55474d411790b81b0a61a822e7a615170256e65e
100187045632,33611369337,ci-core,onnx-light main (ubuntu-latest),completed,success,2026-09-02T08:56:09Z,2026-09-02T09:00:07Z,238,27a41db4817d730f6242a76bcac6022d7e9dd61c
100184352250,33609675720,ci-core,onnx-light main (ubuntu-latest),completed,success,2026-09-02T08:46:49Z,2026-09-02T08:50:02Z,193,4ddb1a2932c81cca081f70f4ff6f8804a553efd7
100174153515,33605841847,ci-core,onnx-light main (ubuntu-latest),completed,failure,2026-09-02T08:10:32Z,2026-09-02T08:13:03Z,151,2654fbbc2a008c0aab25b3c668ac12add646d147
100168899668,33605654182,ci-core,onnx-light main (ubuntu-latest),completed,success,2026-09-02T07:51:11Z,2026-09-02T07:54:36Z,205,316c3d2cd2a6c30c6e9554df8e391b480b6e2403
100166148432,33604771290,ci-core,onnx-light main (ubuntu-latest),completed,success,2026-09-02T07:40:47Z,2026-09-02T07:44:09Z,202,5e32b3440a4ec35aa049c62ad9ce626e60e37f26
100165181394,33604424168,ci-core,onnx-light main (ubuntu-latest),completed,success,2026-09-02T07:37:00Z,2026-09-02T07:40:33Z,213,c16e5497eefef89bc440e39d43f5acf8503d974c
100164708324,33604309797,ci-core,onnx-light main (ubuntu-latest),completed,cancelled,2026-09-02T07:35:12Z,2026-09-02T07:36:28Z,76,56e4ade47b3b7be38539ed82ba5c7cf00ad9df9f
100159843602,33602734705,ci-core,onnx-light main (ubuntu-latest),completed,success,2026-09-02T07:16:51Z,2026-09-02T07:20:48Z,237,68bd54c26c4ac38a651377d501741174bd116be1
100158900004,33602426837,ci-core,onnx-light main (ubuntu-latest),completed,success,2026-09-02T07:12:44Z,2026-09-02T07:18:17Z,333,ac4cd9656b2b734d5ea833d30c3fb87d45646c08
100157460922,33601946854,ci-core,onnx-light main (ubuntu-latest),completed,success,2026-09-02T07:09:43Z,2026-09-02T07:15:15Z,332,3afabf88c6290ed98e915e6e4fadf18bf44dc9fb
100157292342,33601921436,ci-core,onnx-light main (ubuntu-latest),completed,cancelled,2026-09-02T07:06:11Z,2026-09-02T07:06:42Z,31,0c808f5d0560c425631514076603702d6f62eb2a
100158158168,33600918414,ci-core,onnx-light main (ubuntu-latest),completed,success,2026-09-02T06:53:37Z,2026-09-02T06:56:54Z,197,44c1253ba4f3b36c6ff5e5054a3cb0080ca8dfe2
100157344864,33600555280,ci-core,onnx-light main (ubuntu-latest),completed,failure,2026-09-02T07:07:54Z,2026-09-02T07:12:18Z,264,5febe46f60cd047996024ac3ef32ebeeb6579677
100157321917,33600294325,ci-core,onnx-light main (ubuntu-latest),completed,success,2026-09-02T07:06:40Z,2026-09-02T07:12:52Z,372,16df02c41beecd5ffb425f1dc894c9a31f96da76
100151698581,33600105254,ci-core,onnx-light main (ubuntu-latest),completed,success,2026-09-02T06:45:06Z,2026-09-02T06:49:07Z,241,003bf9b5410b575707382eb97e1b5e024d572635
100151379958,33599767852,ci-core,onnx-light main (ubuntu-latest),completed,success,2026-09-02T06:41:47Z,2026-09-02T06:45:20Z,213,9de2b567855b1c190d4713b3ca71a2c66f16cc2e
100149535834,33599400272,ci-core,onnx-light main (ubuntu-latest),completed,success,2026-09-02T06:33:53Z,2026-09-02T06:37:25Z,212,e8161adab94e2d6bd0378f8c01a65633c869840a
100146918319,33598535591,ci-core,onnx-light main (ubuntu-latest),completed,success,2026-09-02T06:22:18Z,2026-09-02T06:26:35Z,257,b26c6e54816d386cacfd76a274f6af5807a04c30
100146808929,33598498357,ci-core,onnx-light main (ubuntu-latest),completed,success,2026-09-02T06:22:03Z,2026-09-02T06:26:33Z,270,52f08ce86d050f6a5c5dfe71f8e7dca57e0c41d5
100144213305,33597636803,ci-core,onnx-light main (ubuntu-latest),completed,success,2026-09-02T06:09:28Z,2026-09-02T06:13:45Z,257,00a6aa81d35b29200645cbfc1eb010a688c83be3
99957321251,33538111388,ci-core,onnx-light main (ubuntu-latest),completed,success,2026-09-01T17:29:58Z,2026-09-01T17:34:56Z,298,cb45c239d599d30a5c603ef6bbf1e5ffe8b29239
99949163430,33535641354,ci-core,onnx-light main (ubuntu-latest),completed,success,2026-09-01T17:04:52Z,2026-09-01T17:08:54Z,242,d1c7fdf4b10dec5a36256551a34577b732b641ab
99937767023,33532184492,ci-core,onnx-light main (ubuntu-latest),completed,success,2026-09-01T16:30:29Z,2026-09-01T16:34:30Z,241,b101bbc513900c36de1a286b66bfdd7ec23da96a
99929555776,33529736195,ci-core,onnx-light main (ubuntu-latest),completed,success,2026-09-01T16:05:45Z,2026-09-01T16:09:28Z,223,705a2fc142e5febbebfd3e4dca1a8a6c5d764bf8
99927042262,33528999425,ci-core,onnx-light main (ubuntu-latest),completed,success,2026-09-01T15:58:21Z,2026-09-01T16:01:49Z,208,3f79c9a25002045faa5abb930ca58fb928f2b834
99912175746,33524622850,ci-core,onnx-light main (ubuntu-latest),completed,failure,2026-09-01T15:15:33Z,2026-09-01T15:19:20Z,227,42ffdc7088478fa8005a466e0b36f8c11a749b77
99891595117,33518531178,ci-core,onnx-light main (ubuntu-latest),completed,success,2026-09-01T14:17:04Z,2026-09-01T14:21:19Z,255,f1d406052deed3b873ae905d4f3b4b85ba8d0012
99887656485,33517364218,ci-core,onnx-light main (ubuntu-latest),completed,success,2026-09-01T14:05:39Z,2026-09-01T14:09:43Z,244,78c827fc2a695e5cc4c07b04723ca05ef67f17d0
99859589666,33508918877,ci-core,onnx-light main (ubuntu-latest),completed,success,2026-09-01T12:40:08Z,2026-09-01T12:43:43Z,215,3b2adaf7684f804c22195a2bd995ab9200079f87
99846078282,33504764331,ci-core,onnx-light main (ubuntu-latest),completed,success,2026-09-01T11:53:16Z,2026-09-01T11:58:00Z,284,86afee8c7c9acb6b16da679d19e00c9d1aeb8f2e
99845871496,33504700630,ci-core,onnx-light main (ubuntu-latest),completed,success,2026-09-01T11:52:32Z,2026-09-01T11:57:29Z,297,ccc8de8476fcc604c5e597379e379a81375a9392
99838815385,33487288525,ci-core,onnx-light main (ubuntu-latest),completed,success,2026-09-01T11:26:33Z,2026-09-01T11:29:45Z,192,1e388f5df1cc70a87106586c6d5daefcdddecbd2
99774715368,33481591786,ci-core,onnx-light main (ubuntu-latest),completed,failure,2026-09-01T07:29:43Z,2026-09-01T07:33:37Z,234,5399c0be06a88871ef12669f944ad94e2afce3db
99752688899,33475131168,ci-core,onnx-light main (ubuntu-latest),completed,success,2026-09-01T05:50:14Z,2026-09-01T05:54:01Z,227,93d5e928143c9d21e95e56b31022e7cd01ffde15
99586949935,33421789118,ci-core,onnx-light main (ubuntu-latest),completed,success,2026-08-31T17:55:19Z,2026-08-31T17:58:43Z,204,e77e8a6abb91014d42f679f3fce5dc073b1e760b
99579080873,33419746002,ci-core,onnx-light main (ubuntu-latest),completed,success,2026-08-31T17:28:55Z,2026-08-31T17:32:44Z,229,fea8c3e539c4682982e50fcbf4a55991f86971a1
99578000015,33419463503,ci-core,onnx-light main (ubuntu-latest),completed,cancelled,2026-08-31T17:25:19Z,2026-08-31T17:28:47Z,208,0f4be0593887fffa47fbf6ddd3a5c86d170bff44
101677610691,34101747925,ci-core,onnx-light main (ubuntu-latest),completed,success,2026-09-07T08:39:45Z,2026-09-07T08:43:25Z,220,730cfc019a78084cf94c4a85f6955ac289633297
101677376922,34101701035,ci-core,onnx-light main (ubuntu-latest),completed,cancelled,2026-09-07T08:38:55Z,2026-09-07T08:39:41Z,46,86a467229363150af632ca4d9f77d5667fae4ea9
101668011036,34098685433,ci-core,onnx-light main (ubuntu-latest),completed,success,2026-09-07T08:05:16Z,2026-09-07T08:10:57Z,341,4a61828de073a8f0b03482d6f5ced79eccfdc668
101667243237,34098462962,ci-core,onnx-light main (ubuntu-latest),completed,success,2026-09-07T08:04:30Z,2026-09-07T08:07:45Z,195,d7447eb24734e38069f6afe1ff5da0f79010e9ab
101665772666,34097988925,ci-core,onnx-light main (ubuntu-latest),completed,success,2026-09-07T07:56:40Z,2026-09-07T07:59:35Z,175,2e517f057e660f677f9da4508cae15d7b3cf328e
101657628435,34095333555,ci-core,onnx-light main (ubuntu-latest),completed,success,2026-09-07T07:25:33Z,2026-09-07T07:31:53Z,380,8be4ae5a6f72d2254f58b2dc086ac4a4cf45b76a
101657551907,34095309121,ci-core,onnx-light main (ubuntu-latest),completed,success,2026-09-07T07:24:28Z,2026-09-07T07:29:33Z,305,04b6a7f3f098a956e78473ae1e5198e8b05a22e9
101657001476,34095131585,ci-core,onnx-light main (ubuntu-latest),completed,success,2026-09-07T07:22:17Z,2026-09-07T07:26:17Z,240,cbdb0485f1377e574226daf33242cdf41bad6580
101552801015,34057810091,ci-core,onnx-light main (ubuntu-latest),completed,success,2026-09-06T20:22:58Z,2026-09-06T20:26:20Z,202,21d5714040d4cc9c7d3e13442fe02a3bddf53491
101550779011,34057062096,ci-core,onnx-light main (ubuntu-latest),completed,failure,2026-09-06T20:08:41Z,2026-09-06T20:12:55Z,254,198b964d91bffd60bfbf7384662e24750849af50
101543066072,34054232594,ci-core,onnx-light main (ubuntu-latest),completed,failure,2026-09-06T19:14:01Z,2026-09-06T19:18:26Z,265,3b721bc486b255e6f7da90690f8255afe40c7bfc
101517566927,34044701524,ci-core,onnx-light main (ubuntu-latest),completed,success,2026-09-06T16:12:32Z,2026-09-06T16:16:05Z,213,292bfb8c7b2b31e8afbaf43302a71bab3a6fe306
101466846224,33970235700,ci-core,onnx-light main (ubuntu-latest),completed,success,2026-09-06T09:55:41Z,2026-09-06T09:58:35Z,174,74d6f083b8bba47fb739903dbb432179a9e5412f
101316899720,33970076194,ci-core,onnx-light main (ubuntu-latest),completed,success,2026-09-05T13:50:53Z,2026-09-05T13:55:10Z,257,f2d9c6c691b757a4ec8905baa1ab9fb3c2cabb26
101305130179,33965627705,ci-core,onnx-light main (ubuntu-latest),completed,success,2026-09-05T12:17:40Z,2026-09-05T12:23:30Z,350,0c00f49705ae823dbc820c677955e85b09554ac4
101305270666,33958339908,ci-core,onnx-light main (ubuntu-latest),completed,success,2026-09-05T12:20:52Z,2026-09-05T12:26:41Z,349,07d716b25a6c591d9b1f30de12ed23b2e5ce2bbe
101305221487,33958142660,ci-core,onnx-light main (ubuntu-latest),completed,success,2026-09-05T12:18:25Z,2026-09-05T12:24:41Z,376,19e48c4ce998b92764d30f4f9cd56cb780ad0857
101284848419,33958049693,ci-core,onnx-light main (ubuntu-latest),completed,success,2026-09-05T09:32:45Z,2026-09-05T09:36:36Z,231,e8599d6e0f49e72b7e5162cb2247da6101309916
101284761385,33958019054,ci-core,onnx-light main (ubuntu-latest),completed,cancelled,2026-09-05T09:27:38Z,2026-09-05T09:27:41Z,3,cad25a61ee4d1b21dd310496261e77f9fc24862e
101284898754,33957219852,ci-core,onnx-light main (ubuntu-latest),completed,success,2026-09-05T09:30:48Z,2026-09-05T09:33:52Z,184,eac0054af90f5c7a9bbd96a02194f2a1fbd9decb
101281861794,33956939929,ci-core,onnx-light main (ubuntu-latest),completed,success,2026-09-05T09:05:36Z,2026-09-05T09:09:40Z,244,ce3f7f9d696dfb1adf463406f7759e6d1d82f113
101281684378,33956836595,ci-core,onnx-light main (ubuntu-latest),completed,success,2026-09-05T09:02:52Z,2026-09-05T09:07:19Z,267,f8f6ef71369dda7f9d99c8309cbf1a2b1ce3747c
101280000611,33956183749,ci-core,onnx-light main (ubuntu-latest),completed,success,2026-09-05T08:58:44Z,2026-09-05T09:02:51Z,247,5b1c6b18c8a8a6e758b2d37a8ba37b33af238c00
101280044184,33956107575,ci-core,onnx-light main (ubuntu-latest),completed,failure,2026-09-05T08:49:42Z,2026-09-05T08:55:19Z,337,765cc86382ac638a5f4b3435094079029ee7442f
101279967382,33956101206,ci-core,onnx-light main (ubuntu-latest),completed,success,2026-09-05T08:47:37Z,2026-09-05T08:52:38Z,301,87d49f6024d76bcb9bcae1d8f55ae1e29ca2f1e9
101280020273,33956060079,ci-core,onnx-light main (ubuntu-latest),completed,success,2026-09-05T09:01:30Z,2026-09-05T09:05:06Z,216,2695b3cb0890dbab58b90140c689e4e8002c9274
101279979812,33956003330,ci-core,onnx-light main (ubuntu-latest),completed,success,2026-09-05T08:47:43Z,2026-09-05T08:53:43Z,360,213a0dac5cb5d4fd3d5b0c60e95d4295ffc08bed
101278951724,33955851229,ci-core,onnx-light main (ubuntu-latest),completed,success,2026-09-05T08:39:56Z,2026-09-05T08:46:21Z,385,ef3593669992f6d7a3d2e879652d68d9b2fb260c
101278898881,33955570155,ci-core,onnx-light main (ubuntu-latest),completed,failure,2026-09-05T08:38:55Z,2026-09-05T08:44:46Z,351,39bc7a783d5dbb8f624738ff788693bdab2a917b
101279212379,33955339845,ci-core,onnx-light main (ubuntu-latest),completed,success,2026-09-05T08:44:48Z,2026-09-05T08:48:21Z,213,5aade4ace91b7c4c0e9c72428ced9787467e0b46
101276278953,33954885883,ci-core,onnx-light main (ubuntu-latest),completed,success,2026-09-05T08:18:10Z,2026-09-05T08:22:41Z,271,1d3e9480644a3f95d14213969d63da69ccd11a46
101275793520,33954692528,ci-core,onnx-light main (ubuntu-latest),completed,success,2026-09-05T08:15:04Z,2026-09-05T08:18:34Z,210,804d1158f6fdfae1091fde863f60e4a8c4809f9a
101275521814,33954608490,ci-core,onnx-light main (ubuntu-latest),completed,cancelled,2026-09-05T08:12:52Z,2026-09-05T08:14:07Z,75,f5b656c8fc60683c16d8ba02107af509a528c76e
101275194855,33954489451,ci-core,onnx-light main (ubuntu-latest),completed,success,2026-09-05T08:09:25Z,2026-09-05T08:13:02Z,217,5abf461066eaeba12f70130b36e1d77c9701ba90
101273025129,33953678680,ci-core,onnx-light main (ubuntu-latest),completed,success,2026-09-05T07:51:28Z,2026-09-05T07:55:15Z,227,5da776d727ce6ebc5254c72a77dfdfb74fcaf18e
101272634552,33953547821,ci-core,onnx-light main (ubuntu-latest),completed,cancelled,2026-09-05T07:48:13Z,2026-09-05T07:51:24Z,191,41384688319537f6ae8408c453fa0b1dc15ee726
101272357483,33953058203,ci-core,onnx-light main (ubuntu-latest),completed,success,2026-09-05T07:45:57Z,2026-09-05T07:51:38Z,341,d98bcfbecc2f78b9de3d1ee5b85dc082fcec2b1c
101272211530,33953050107,ci-core,onnx-light main (ubuntu-latest),completed,success,2026-09-05T07:44:49Z,2026-09-05T07:50:31Z,342,78d4077450bc26d47ef716aedb5f3424e142f7c7
101046132526,33880025459,ci-core,onnx-light main (ubuntu-latest),completed,success,2026-09-04T13:47:32Z,2026-09-04T13:50:51Z,199,7d4ee833d8c4373fc9a31104e447fd267bda3785
101014305919,33870268701,ci-core,onnx-light main (ubuntu-latest),completed,success,2026-09-04T11:56:05Z,2026-09-04T12:02:53Z,408,f650edbe5f9b00407351bb4871d0df09aa9dbfdb
101014416267,33869602595,ci-core,onnx-light main (ubuntu-latest),completed,success,2026-09-04T11:57:11Z,2026-09-04T12:01:23Z,252,5603f24e29d5c897e7e525b2a1efad152e370e77
101007497241,33866571395,ci-core,onnx-light main (ubuntu-latest),completed,success,2026-09-04T11:28:32Z,2026-09-04T11:32:04Z,212,764c2f0e216e4c353336ea9b2091657bb56f0964
100996893138,33863761119,ci-core,onnx-light main (ubuntu-latest),completed,success,2026-09-04T10:45:35Z,2026-09-04T10:50:54Z,319,70d8d1e1794412bdeb4c3adfa448e14c9e5c3dea
100988739510,33862131695,ci-core,onnx-light main (ubuntu-latest),completed,success,2026-09-04T10:12:48Z,2026-09-04T10:17:04Z,256,281a44143b3c79cabe24bf71b696f1098a8f6021
100980916059,33859639229,ci-core,onnx-light main (ubuntu-latest),completed,success,2026-09-04T09:42:28Z,2026-09-04T09:45:38Z,190,3a8a33c1e4d497b9ac61ee367789ac86ba02c9ea
100978505774,33858897378,ci-core,onnx-light main (ubuntu-latest),completed,success,2026-09-04T09:33:06Z,2026-09-04T09:36:55Z,229,92edd94f727482030a1137ee1537c650d814bc59
100957592266,33849870026,ci-core,onnx-light main (ubuntu-latest),completed,success,2026-09-04T08:12:10Z,2026-09-04T08:16:36Z,266,dce98c3e244fa6ee5fe1a927a65b15834c472fdf
100957639334,33848983754,ci-core,onnx-light main (ubuntu-latest),completed,success,2026-09-04T08:13:04Z,2026-09-04T08:17:29Z,265,52cd4173d281fd88469b8f4140bb73a9eb74c81c
100836207259,33812121256,ci-core,onnx-light main (ubuntu-latest),completed,failure,2026-09-03T22:15:22Z,2026-09-03T22:18:03Z,161,e7a79874b83d2226595f88369a6b114dbe5b53c9
100834336778,33811566495,ci-core,onnx-light main (ubuntu-latest),completed,success,2026-09-03T22:08:29Z,2026-09-03T22:12:53Z,264,4d0a9c885578f557342a9dcb3805e3a8da951b9b
100833878548,33811381161,ci-core,onnx-light main (ubuntu-latest),completed,failure,2026-09-03T22:06:26Z,2026-09-03T22:10:04Z,218,3e104de171e60b4722493e5f6a2afee64198f0b8
100832770014,33810988022,ci-core,onnx-light main (ubuntu-latest),completed,failure,2026-09-03T22:02:19Z,2026-09-03T22:04:51Z,152,2b4e2f6fc07284d542682082ecd4a718fcb81d72
100831544440,33810690904,ci-core,onnx-light main (ubuntu-latest),completed,cancelled,2026-09-03T21:57:45Z,2026-09-03T22:01:44Z,239,943a59ea26cec390a4dd8feb9a12ef31536c0112
100829137424,33809933381,ci-core,onnx-light main (ubuntu-latest),completed,success,2026-09-03T21:48:49Z,2026-09-03T21:52:36Z,227,98366d4d222b72ee7933023c8cf52b8535a6cae3
100826240556,33808541501,ci-core,onnx-light main (ubuntu-latest),completed,success,2026-09-03T21:38:29Z,2026-09-03T21:42:08Z,219,fefad5dc6853d6f6912ac05f7bd591270c15c36f
100823666123,33808217749,ci-core,onnx-light main (ubuntu-latest),completed,success,2026-09-03T21:29:28Z,2026-09-03T21:33:04Z,216,8d3b4bbff636189a138a681839c2b98a9798b3fe
100811006979,33804314618,ci-core,onnx-light main (ubuntu-latest),completed,success,2026-09-03T20:47:38Z,2026-09-03T20:53:08Z,330,846543fb7cebcd3eae46775dfc4c70df99a20bfe
100810688123,33803830315,ci-core,onnx-light main (ubuntu-latest),completed,success,2026-09-03T20:46:38Z,2026-09-03T20:51:43Z,305,4fe2ed91bafc2d6a8ea7df7d0b4656a4b82e293d
100802832336,33801802374,ci-core,onnx-light main (ubuntu-latest),completed,success,2026-09-03T20:21:47Z,2026-09-03T20:25:28Z,221,41c955a98a0c1fd89de369151dc17225c8f95e63
100800736100,33801161509,ci-core,onnx-light main (ubuntu-latest),completed,success,2026-09-03T20:15:15Z,2026-09-03T20:18:53Z,218,235fa7594e6d3f3c3136720d50d0b9a5f82de0ca
100795871002,33799698935,ci-core,onnx-light main (ubuntu-latest),completed,success,2026-09-03T20:00:19Z,2026-09-03T20:04:18Z,239,cd2197ef669e71cdfe58677c3207c9f82562be17
100735464536,33780883150,ci-core,onnx-light main (ubuntu-latest),completed,success,2026-09-03T16:53:41Z,2026-09-03T16:57:28Z,227,6173b035ea1e5b7bf80a83697c66ad1bd15546b0
100733350406,33780697698,ci-core,onnx-light main (ubuntu-latest),completed,success,2026-09-03T16:47:17Z,2026-09-03T16:51:02Z,225,152f3747903ab6f78b30cb7070c923c16e4e76d3
100724961646,33778159006,ci-core,onnx-light main (ubuntu-latest),completed,success,2026-09-03T16:21:50Z,2026-09-03T16:28:33Z,403,9e48a5c08b7769ae1cf4ef64954fa13928637f8b
100725030729,33775851983,ci-core,onnx-light main (ubuntu-latest),completed,success,2026-09-03T16:22:24Z,2026-09-03T16:26:34Z,250,e01887f90354bb58ffa4a78e8394f9e7b6602def
100713563371,33774758156,ci-core,onnx-light main (ubuntu-latest),completed,success,2026-09-03T15:47:53Z,2026-09-03T15:53:51Z,358,c0392ac296b91f497be1b17bf4870b9109e3bf7b
100711700887,33774199480,ci-core,onnx-light main (ubuntu-latest),completed,success,2026-09-03T15:42:21Z,2026-09-03T15:45:52Z,211,474c8526e52949162623d7845b69e2cbe22661ac
100701948986,33771311917,ci-core,onnx-light main (ubuntu-latest),completed,success,2026-09-03T15:12:42Z,2026-09-03T15:15:53Z,191,fb1b12996fa8f05471b1309c4c0d9671b3b77f63
100713573705,33770841345,ci-core,onnx-light main (ubuntu-latest),completed,success,2026-09-03T15:50:11Z,2026-09-03T15:53:39Z,208,14e9e689a23a1a008522653b3f2ecdcb039f6eb7
100673244364,33762863549,ci-core,onnx-light main (ubuntu-latest),completed,success,2026-09-03T13:48:44Z,2026-09-03T13:52:07Z,203,78dda409f3c2bf331c53cd49ea0ef8bf74b33184
100665994470,33760293443,ci-core,onnx-light main (ubuntu-latest),completed,success,2026-09-03T13:21:50Z,2026-09-03T13:25:44Z,234,f4b0efb817c741d4da0ae2ccda04d1495e261028
100659477977,33758639157,ci-core,onnx-light main (ubuntu-latest),completed,success,2026-09-03T13:02:40Z,2026-09-03T13:06:04Z,204,0be640224d0660029c366f6842b07911cde97d09
100659059721,33758614570,ci-core,onnx-light main (ubuntu-latest),completed,cancelled,2026-09-03T13:01:13Z,2026-09-03T13:02:20Z,67,d11ffc89ef004819c137a68b402a242733fe39ab
100645503877,33754212944,ci-core,onnx-light main (ubuntu-latest),completed,success,2026-09-03T12:19:44Z,2026-09-03T12:23:04Z,200,064ec3c005327dfb554b888e1e3b33d4a2aea292
100643027201,33753577328,ci-core,onnx-light main (ubuntu-latest),completed,success,2026-09-03T12:10:50Z,2026-09-03T12:15:11Z,261,cbccbc4287aa64121fad97f319df5e0892070ced
100642034870,33753399393,ci-core,onnx-light main (ubuntu-latest),completed,success,2026-09-03T12:07:37Z,2026-09-03T12:11:40Z,243,9a61d0c57a56a820f235732f534b324a8fb89fc2
100639795923,33752727015,ci-core,onnx-light main (ubuntu-latest),completed,success,2026-09-03T12:00:09Z,2026-09-03T12:04:19Z,250,cad91925ec797c3e94bd2aeeaba9de0c01405e60
100624020349,33747738336,ci-core,onnx-light main (ubuntu-latest),completed,success,2026-09-03T11:05:04Z,2026-09-03T11:09:21Z,257,cae02f9d7f5ed5e27ce2b371c9470a1f869d8037
100613405381,33744383509,ci-core,onnx-light main (ubuntu-latest),completed,success,2026-09-03T10:27:24Z,2026-09-03T10:31:14Z,230,a3a196c7f7fea99ad1a2261fad7130d143c0518b
100607602445,33742563662,ci-core,onnx-light main (ubuntu-latest),completed,success,2026-09-03T10:07:02Z,2026-09-03T10:10:36Z,214,3bcf73bf75632165a91ebb9fb1656a64d72db561
100601559402,33740669946,ci-core,onnx-light main (ubuntu-latest),completed,success,2026-09-03T09:46:13Z,2026-09-03T09:50:22Z,249,5788fbb3bbda422a3513ce81e076108bfe53f240
100588327717,33736541984,ci-core,onnx-light main (ubuntu-latest),completed,success,2026-09-03T09:02:39Z,2026-09-03T09:17:02Z,863,27f1d770f562f65785c9c7e7cff5e8a5a1b22329
103911450664,34822882032,ci-core,onnx-light main (ubuntu-latest),completed,failure,2026-09-14T08:40:14Z,2026-09-14T08:44:47Z,273,57ee7b5836f0255f53537627809efb89557fb881
103891643902,34817626104,ci-core,onnx-light main (ubuntu-latest),completed,failure,2026-09-14T07:23:22Z,2026-09-14T07:36:23Z,781,bd5613ea5d0827af6e1397cd37428caffe24a68f
103684424441,34742484068,ci-core,onnx-light main (ubuntu-latest),completed,success,2026-09-13T06:20:02Z,2026-09-13T06:26:47Z,405,e2defa279d2992eff31c472ca19db6b3b5e42faf
103612397963,34678438250,ci-core,onnx-light main (ubuntu-latest),completed,success,2026-09-12T19:58:12Z,2026-09-12T20:03:26Z,314,836a19847afae43bbf9b3a6d44c72442cb153967
103512099421,34678326729,ci-core,onnx-light main (ubuntu-latest),completed,success,2026-09-12T06:30:57Z,2026-09-12T06:49:29Z,1112,edb5c2e5e1c5b666d0a0aa960187707b79ee504e
103414593967,34578511809,ci-core,onnx-light main (ubuntu-latest),completed,success,2026-09-11T20:38:58Z,2026-09-11T20:53:31Z,873,dd207f29e92038857be2b21c0bafc6fecd6aa9bc
103191939982,34577099891,ci-core,onnx-light main (ubuntu-latest),completed,success,2026-09-11T08:01:02Z,2026-09-11T08:06:36Z,334,fa93d1c626576542f98cdd6c7657a7fc53f0a979
103192189853,34575136760,ci-core,onnx-light main (ubuntu-latest),completed,failure,2026-09-11T08:04:05Z,2026-09-11T08:10:58Z,413,7cdda2c128086953d6b7104423f89b9621923c76
103221512417,34575105810,ci-core,onnx-light main (ubuntu-latest),completed,success,2026-09-11T09:52:32Z,2026-09-11T10:09:46Z,1034,5118c5c387288d0aeee384c30cd3ff4e40f578c8
103183149565,34573696247,ci-core,onnx-light main (ubuntu-latest),completed,success,2026-09-11T07:27:39Z,2026-09-11T07:32:53Z,314,03d48b34af2fc018a6cc2556158f3f90040d92a9
103180123249,34573341515,ci-core,onnx-light main (ubuntu-latest),completed,success,2026-09-11T07:12:59Z,2026-09-11T07:23:46Z,647,8c547feb88745bd6b8abd8ee583fdb4d19b23cfc
103172074879,34569866331,ci-core,onnx-light main (ubuntu-latest),completed,success,2026-09-11T06:38:28Z,2026-09-11T06:44:31Z,363,928558fcb927a4da44683a039c662e26a1a51b52
103168135974,34569416532,ci-core,onnx-light main (ubuntu-latest),completed,success,2026-09-11T06:19:09Z,2026-09-11T06:27:55Z,526,8f65d0035e6e1ca885a32908a741d0995d2ea69e
103166175529,34568759015,ci-core,onnx-light main (ubuntu-latest),completed,failure,2026-09-11T06:09:31Z,2026-09-11T06:18:10Z,519,19b11d42119f9606bf9c59cb232478a47a7dc783
103161511965,34506454133,ci-core,onnx-light main (ubuntu-latest),completed,success,2026-09-11T05:44:58Z,2026-09-11T05:52:00Z,422,863e51c25a3a560cc72431e6c9f1606ea61c2b39
102964143689,34504681010,ci-core,onnx-light main (ubuntu-latest),completed,failure,2026-09-10T16:57:11Z,2026-09-10T17:04:05Z,414,5feaeff1dbfa222f14e94f24f231cc16b27755a7
102901507352,34486350854,ci-core,onnx-light main (ubuntu-latest),completed,success,2026-09-10T14:01:36Z,2026-09-10T14:06:39Z,303,5f9699dda24869a16fbcc9fdfba0f7238e5ea1d3
102823182087,34454230628,ci-core,onnx-light main (ubuntu-latest),completed,success,2026-09-10T09:46:02Z,2026-09-10T09:51:24Z,322,ff749aaa7b8c035a0eec58a44abf8ddd978c2eba
102793484320,34453146482,ci-core,onnx-light main (ubuntu-latest),completed,success,2026-09-10T08:04:35Z,2026-09-10T08:10:01Z,326,8075af2fbb0d9a0386068b896546d273d340d419
102793217797,34453124875,ci-core,onnx-light main (ubuntu-latest),completed,cancelled,2026-09-10T08:03:36Z,2026-09-10T08:03:51Z,15,a97e53652dbe5fce1b79f7003c9b8a3449416be2
102784860898,34448931792,ci-core,onnx-light main (ubuntu-latest),completed,success,2026-09-10T07:32:54Z,2026-09-10T07:38:04Z,310,03b063921c05fee8a0e75fbee65dc84d82c7a9f9
102780037471,34448860716,ci-core,onnx-light main (ubuntu-latest),completed,success,2026-09-10T07:24:24Z,2026-09-10T07:29:30Z,306,48a9cb3277c6690c3b67ab40026f08d7be501987
102777646632,34448216216,ci-core,onnx-light main (ubuntu-latest),completed,success,2026-09-10T07:11:26Z,2026-09-10T07:16:50Z,324,65c4dfbd0b9a0dcc7561ae6ca4aa672aacee6f0e
102777545827,34448176736,ci-core,onnx-light main (ubuntu-latest),completed,cancelled,2026-09-10T07:04:48Z,2026-09-10T07:05:11Z,23,1e92d33a8e141acfa3bc4c4e3f6f2eaa6f3fa0a5
102777482499,34448161828,ci-core,onnx-light main (ubuntu-latest),completed,cancelled,2026-09-10T07:04:33Z,2026-09-10T07:04:43Z,10,9315e8a90842c26d41be21e2d1bac6a35dc08e8b
102777431449,34448146899,ci-core,onnx-light main (ubuntu-latest),completed,cancelled,2026-09-10T07:04:21Z,2026-09-10T07:04:32Z,11,45e8257761b1103eba41c962128e941ff8713c30
102769394580,34445024734,ci-core,onnx-light main (ubuntu-latest),completed,success,2026-09-10T06:39:00Z,2026-09-10T06:44:12Z,312,5756dc87b07580b18c2b93e08c17670fa16ca58e
102767933153,34444727167,ci-core,onnx-light main (ubuntu-latest),completed,success,2026-09-10T06:34:28Z,2026-09-10T06:40:30Z,362,fdaea62f9e6c2e01f20e3c4de38288e8fd35069a
102766823891,34444199060,ci-core,onnx-light main (ubuntu-latest),completed,success,2026-09-10T06:32:13Z,2026-09-10T06:37:41Z,328,3c385587103ae5e9c76593e809c8da2641b34736
102765556669,34444077247,ci-core,onnx-light main (ubuntu-latest),completed,success,2026-09-10T06:32:18Z,2026-09-10T06:41:51Z,573,e82dc019b548059e108f250350e08f48f7e7ea4a
102764938564,34443893954,ci-core,onnx-light main (ubuntu-latest),completed,success,2026-09-10T06:18:16Z,2026-09-10T06:22:56Z,280,08cd7525208f7774052024599b4e72b4aa1396f9
102764388666,34443667645,ci-core,onnx-light main (ubuntu-latest),completed,failure,2026-09-10T06:12:07Z,2026-09-10T06:14:17Z,130,55e7257927b3efaf40d0b01e569e9009547e8d09
102763344774,34443535988,ci-core,onnx-light main (ubuntu-latest),completed,success,2026-09-10T06:03:19Z,2026-09-10T06:09:10Z,351,180f378667765966ac7a04c2a0754a48d604d64f
102761154264,34441245614,ci-core,onnx-light main (ubuntu-latest),completed,failure,2026-09-10T05:52:24Z,2026-09-10T05:56:25Z,241,717dab6a0015b2553dd0da73afde3a6f7d1de1e6
102760883195,34440252923,ci-core,onnx-light main (ubuntu-latest),completed,failure,2026-09-10T05:50:50Z,2026-09-10T05:57:19Z,389,475e1a0fc84aecbd93f2dfcf2321363ac0aacc78
102763570277,34440251654,ci-core,onnx-light main (ubuntu-latest),completed,cancelled,2026-09-10T06:05:13Z,2026-09-10T06:13:32Z,499,cc96125304275164d98778f7df0a641cf21875f0
102753057196,34440068870,ci-core,onnx-light main (ubuntu-latest),completed,success,2026-09-10T05:11:21Z,2026-09-10T05:16:45Z,324,ee1e5166adaa2be8ee7910e6d136bc7202f2b733
102653510082,34405726039,ci-core,onnx-light main (ubuntu-latest),completed,success,2026-09-09T21:31:23Z,2026-09-09T21:36:45Z,322,464137e4259a6721b58d9b41c7359555f237ac41
102654584665,34405309002,ci-core,onnx-light main (ubuntu-latest),completed,failure,2026-09-09T21:35:01Z,2026-09-09T21:40:05Z,304,012e519b5397236f09781f4a77a81a161b691579
102617964425,34396663644,ci-core,onnx-light main (ubuntu-latest),completed,success,2026-09-09T19:42:38Z,2026-09-09T19:48:51Z,373,af6e61a59b9aa1ca88c38b9bae7ddabff2edf99e
102589500672,34377372566,ci-core,onnx-light main (ubuntu-latest),completed,success,2026-09-09T18:17:58Z,2026-09-09T18:24:23Z,385,a6ee0c64f6d459b2a9c1e0b7f5476fcb86d97074
102544355823,34374675088,ci-core,onnx-light main (ubuntu-latest),completed,success,2026-09-09T16:07:07Z,2026-09-09T16:12:23Z,316,5c314629dde157caad16c566ec9ad8d29e3e26ae
102539795200,34373257264,ci-core,onnx-light main (ubuntu-latest),completed,success,2026-09-09T15:54:43Z,2026-09-09T16:00:39Z,356,bef14a152fca15206066d6cd664c345490a54181
102525482121,34368970579,ci-core,onnx-light main (ubuntu-latest),completed,success,2026-09-09T15:16:15Z,2026-09-09T15:20:57Z,282,3df9c52ff8cd4e010779e09b83f9ffb45dd299d8
102523151724,34368443759,ci-core,onnx-light main (ubuntu-latest),completed,success,2026-09-09T15:10:07Z,2026-09-09T15:31:54Z,1307,a34e8cda3920b292074a6228d5d0998971cb7203
102512532072,34364494500,ci-core,onnx-light main (ubuntu-latest),completed,failure,2026-09-09T14:42:13Z,2026-09-09T15:09:40Z,1647,775c4c1f1551f92692f0459499c43b0b9df16a04
102500419901,34361810799,ci-core,onnx-light main (ubuntu-latest),completed,success,2026-09-09T14:10:03Z,2026-09-09T14:33:41Z,1418,49331d23a1ecc56d25726e89c678be698732dc47
102440956909,34343938468,ci-core,onnx-light main (ubuntu-latest),completed,failure,2026-09-09T11:08:11Z,2026-09-09T11:10:41Z,150,072788832921277a656ef9bcd911582414c0c6ca
102438335309,34343123401,ci-core,onnx-light main (ubuntu-latest),completed,failure,2026-09-09T10:59:15Z,2026-09-09T11:02:49Z,214,d72610e12a9f87627aec385fe2d7b6f8be5e3fcd
102407280064,34333444414,ci-core,onnx-light main (ubuntu-latest),completed,success,2026-09-09T09:13:19Z,2026-09-09T09:19:19Z,360,7b9f360962f8f078cd839cfd9d7d22bf50198832
102407086652,34333416763,ci-core,onnx-light main (ubuntu-latest),completed,cancelled,2026-09-09T09:12:40Z,2026-09-09T09:13:09Z,29,92e7f7bb20ead9acef68190b6a3cd32caca15f3f
102385397331,34326429916,ci-core,onnx-light main (ubuntu-latest),completed,success,2026-09-09T07:59:16Z,2026-09-09T08:03:47Z,271,c0a2b42973573d9fc3bdbe27fdd5dff809118072
102379443510,34278108398,ci-core,onnx-light main (ubuntu-latest),completed,success,2026-09-09T07:37:33Z,2026-09-09T07:43:20Z,347,38514a4c29447b6071ddda30b019a1199537b2dc
102189913959,34261255652,ci-core,onnx-light main (ubuntu-latest),completed,failure,2026-09-08T18:39:49Z,2026-09-08T18:44:28Z,279,edc763ce58958859c37c84b3ffc79932f900b196
102159633063,34255349263,ci-core,onnx-light main (ubuntu-latest),completed,failure,2026-09-08T17:09:07Z,2026-09-08T17:13:08Z,241,2d8de6dc25002c312e9bb894a9eb263bbc3ff1f4
102150988228,34252654762,ci-core,onnx-light main (ubuntu-latest),completed,success,2026-09-08T16:43:14Z,2026-09-08T16:48:32Z,318,b77035d65e3a49071462898197bc41800f0c2d39
102150436373,34252604209,ci-core,onnx-light main (ubuntu-latest),completed,cancelled,2026-09-08T16:41:35Z,2026-09-08T16:43:05Z,90,73cf735cf299aab105ac35e1332d7ddc26bb5e25
102137762359,34248848679,ci-core,onnx-light main (ubuntu-latest),completed,success,2026-09-08T16:04:56Z,2026-09-08T16:09:25Z,269,0ed8ea0b0dc2f3270388eb502980ad16f2909e52
102130399647,34246696389,ci-core,onnx-light main (ubuntu-latest),completed,success,2026-09-08T15:44:31Z,2026-09-08T15:50:03Z,332,226265aa8d61e06f14e1b617d0aab1c09b35d5ab
102131280405,34245690107,ci-core,onnx-light main (ubuntu-latest),completed,success,2026-09-08T15:46:56Z,2026-09-08T15:52:04Z,308,6f8cd2544f117bd65e38b9b44e3810d4f104a9db
102126296078,34245499061,ci-core,onnx-light main (ubuntu-latest),completed,success,2026-09-08T15:34:06Z,2026-09-08T15:37:58Z,232,f87867a0ef64e290d781da5be35e0ef917f1ef55
102126377979,34242239634,ci-core,onnx-light main (ubuntu-latest),completed,success,2026-09-08T15:35:33Z,2026-09-08T15:41:58Z,385,2fd101a8522195773debf0d650772d5cfd264969
102111330022,34240546445,ci-core,onnx-light main (ubuntu-latest),completed,success,2026-09-08T14:53:16Z,2026-09-08T14:58:15Z,299,bb023031742d651c73c7f08a8b3f71937fc0d6b1
102104703726,34239200213,ci-core,onnx-light main (ubuntu-latest),completed,success,2026-09-08T14:35:09Z,2026-09-08T14:41:07Z,358,b2f2b79f6ef5641913ae4788b1833ed9aad023ca
102103774439,34238928625,ci-core,onnx-light main (ubuntu-latest),completed,success,2026-09-08T14:33:44Z,2026-09-08T14:39:18Z,334,c47ead18898af226e525682a1d983b789a62e251
102106956352,34238914516,ci-core,onnx-light main (ubuntu-latest),completed,success,2026-09-08T14:41:19Z,2026-09-08T14:45:33Z,254,b0159c95ba876b3c33370f5f999ac5cc66b174c4
102100135445,34237708471,ci-core,onnx-light main (ubuntu-latest),completed,success,2026-09-08T14:25:12Z,2026-09-08T14:29:58Z,286,1fc3359ffee30f30640df077a181f20dbe530251
102099439326,34237654344,ci-core,onnx-light main (ubuntu-latest),completed,cancelled,2026-09-08T14:20:46Z,2026-09-08T14:22:17Z,91,fccec71c4d9ba4aaadda89eb2db432731479269e
102091372300,34235310405,ci-core,onnx-light main (ubuntu-latest),completed,success,2026-09-08T14:01:24Z,2026-09-08T14:05:59Z,275,24bc3548b8dc2644ab0829c33a9f072e064af4e4
102089627083,34234697715,ci-core,onnx-light main (ubuntu-latest),completed,success,2026-09-08T13:59:07Z,2026-09-08T14:03:39Z,272,4de4b9c350340db17ad24f3f853d39dafe0ac925
102089082824,34234636836,ci-core,onnx-light main (ubuntu-latest),completed,cancelled,2026-09-08T13:52:09Z,2026-09-08T13:53:39Z,90,2f4dd2a8c3418ce640ce16df0666663c5cff74c2
102089430149,34232394444,ci-core,onnx-light main (ubuntu-latest),completed,success,2026-09-08T13:53:42Z,2026-09-08T13:58:36Z,294,c46a91458e368bd9e1753d6f41f436490e84216a
102077347023,34231156827,ci-core,onnx-light main (ubuntu-latest),completed,success,2026-09-08T13:21:37Z,2026-09-08T13:26:45Z,308,acd3674a7009f8235dbc643e67989fe4d8c25a9a
102075843364,34230713034,ci-core,onnx-light main (ubuntu-latest),completed,success,2026-09-08T13:15:02Z,2026-09-08T13:20:49Z,347,c7d66ef684bd04dc927481647baa0e159154c729
102077762433,34230520156,ci-core,onnx-light main (ubuntu-latest),completed,success,2026-09-08T13:23:09Z,2026-09-08T13:27:49Z,280,41a17139d807b5dcfc489da2ed41f6c25e14fa8c
102068434047,34228498739,ci-core,onnx-light main (ubuntu-latest),completed,success,2026-09-08T13:02:48Z,2026-09-08T13:06:44Z,236,d10a193018b39779f63f98678f4b32cf22fd1927
102067590063,34228240929,ci-core,onnx-light main (ubuntu-latest),completed,success,2026-09-08T13:06:46Z,2026-09-08T13:11:05Z,259,8ec70fbd0fb97b429479bf2b4da712cef0f1e529
102067333122,34228063756,ci-core,onnx-light main (ubuntu-latest),completed,cancelled,2026-09-08T12:48:19Z,2026-09-08T12:49:06Z,47,4878823c3defae0e6d54ab4f6f78f9e33105b5d2
102065020897,34227471982,ci-core,onnx-light main (ubuntu-latest),completed,cancelled,2026-09-08T12:41:10Z,2026-09-08T12:47:15Z,365,03372cd55a66cd8f37db5a2feb95f1d6d7cee427
102055216588,34224424472,ci-core,onnx-light main (ubuntu-latest),completed,success,2026-09-08T12:09:26Z,2026-09-08T12:17:13Z,467,6937794597f8176811c25911415c84a85b9d58f9
102054741343,34224359652,ci-core,onnx-light main (ubuntu-latest),completed,cancelled,2026-09-08T12:07:51Z,2026-09-08T12:09:23Z,92,d92fe8d2195906493e635caf21466c4617f03f76
102041008026,34220083356,ci-core,onnx-light main (ubuntu-latest),completed,success,2026-09-08T11:20:40Z,2026-09-08T11:24:59Z,259,d906ff0276d04a84badffc349251bfeccc97e6f8
102040217433,34219876347,ci-core,onnx-light main (ubuntu-latest),completed,success,2026-09-08T11:17:11Z,2026-09-08T11:22:36Z,325,986336a68d34786ce031b930c839f1875eddb04a
102039876578,34219770957,ci-core,onnx-light main (ubuntu-latest),completed,cancelled,2026-09-08T11:15:59Z,2026-09-08T11:19:32Z,213,60df7b1235194220893d3ce47257fa595dcfe39e
102038884636,34219458336,ci-core,onnx-light main (ubuntu-latest),completed,success,2026-09-08T11:12:26Z,2026-09-08T11:16:15Z,229,07f9323dbb3f5f05939b545e636f7282555e6f68
102035636270,34218439873,ci-core,onnx-light main (ubuntu-latest),completed,success,2026-09-08T11:00:52Z,2026-09-08T11:05:14Z,262,39e7418a7a74729286c841b622b99cb21f4d35ab
102034761803,34218165024,ci-core,onnx-light main (ubuntu-latest),completed,success,2026-09-08T10:57:44Z,2026-09-08T11:07:44Z,600,748ace5e1dc85930c2efebf6548083ae63823af4
102020095090,34213613257,ci-core,onnx-light main (ubuntu-latest),completed,success,2026-09-08T10:05:58Z,2026-09-08T10:09:21Z,203,8c860446ab5dee2ef57a71aab0a4c48ac452454a
102016108721,34212354292,ci-core,onnx-light main (ubuntu-latest),completed,success,2026-09-08T09:52:10Z,2026-09-08T10:02:22Z,612,b624657502f8058d56848867a544759ca6902ff9
102015634311,34212222793,ci-core,onnx-light main (ubuntu-latest),completed,success,2026-09-08T09:50:32Z,2026-09-08T09:53:43Z,191,a3b0997d66460e428886cfa725942d28fb234d99
102013770146,34211636897,ci-core,onnx-light main (ubuntu-latest),completed,failure,2026-09-08T09:44:14Z,2026-09-08T09:48:03Z,229,6e9dec328f11ae93a5d76799e859dbef72f86387
102007891965,34209785455,ci-core,onnx-light main (ubuntu-latest),completed,success,2026-09-08T09:24:33Z,2026-09-08T09:28:05Z,212,c057b20dc3a37f90ff964f452c72a4132f701db6
102006227676,34209303836,ci-core,onnx-light main (ubuntu-latest),completed,success,2026-09-08T09:18:55Z,2026-09-08T09:22:03Z,188,7f6cdcc4162907754d8ec8dcaf2766ec5193f47c
102000276015,34207468106,ci-core,onnx-light main (ubuntu-latest),completed,success,2026-09-08T08:59:06Z,2026-09-08T09:03:06Z,240,56562bd5db58691430b993780ec27bce92ad0867
101875708404,34165533903,ci-core,onnx-light main (ubuntu-latest),completed,success,2026-09-07T22:07:07Z,2026-09-07T22:10:36Z,209,aa405a959c4fdeec464f2b56863901cb0a1039c1
101870858783,34163836069,ci-core,onnx-light main (ubuntu-latest),completed,success,2026-09-07T21:37:58Z,2026-09-07T21:42:16Z,258,1f1450eb2665bedf2a37fa64ba00e96dfc3f5719
101870903389,34163094312,ci-core,onnx-light main (ubuntu-latest),completed,success,2026-09-07T21:39:28Z,2026-09-07T21:43:56Z,268,19330eca3fef35ec0f255c2120ac86a6c51007d5
101865182359,34150449645,ci-core,onnx-light main (ubuntu-latest),completed,success,2026-09-07T21:06:08Z,2026-09-07T21:09:59Z,231,8535aad5a42c906bd675b6df222103e20c16b714
101831239533,34150380741,ci-core,onnx-light main (ubuntu-latest),completed,success,2026-09-07T18:07:48Z,2026-09-07T18:11:44Z,236,1a751afd40f9c46b4ed88c65a8d0f31cda941324
101817132631,34145689217,ci-core,onnx-light main (ubuntu-latest),completed,success,2026-09-07T16:59:30Z,2026-09-07T17:04:06Z,276,7f124f648727ee8bfd2b298a01f5f489634fd838
101804571177,34141596207,ci-core,onnx-light main (ubuntu-latest),completed,success,2026-09-07T16:06:44Z,2026-09-07T16:10:01Z,197,66bf6ed254859fcb44928ce3971195dd5afac702
101801908810,34140088826,ci-core,onnx-light main (ubuntu-latest),completed,success,2026-09-07T15:55:23Z,2026-09-07T15:59:35Z,252,d0219d752529802f0f5b9cf1381ff81aad16cfe6
101799288366,34139896228,ci-core,onnx-light main (ubuntu-latest),completed,success,2026-09-07T15:45:16Z,2026-09-07T15:52:39Z,443,36b11e4be77ae23a280f395ee319019fa345f5d6
101792739776,34137807657,ci-core,onnx-light main (ubuntu-latest),completed,success,2026-09-07T15:20:38Z,2026-09-07T15:27:00Z,382,c1447080d1de9eb073879cc02b95b7501b82dd6e
101788252213,34136385540,ci-core,onnx-light main (ubuntu-latest),completed,failure,2026-09-07T15:04:52Z,2026-09-07T15:07:15Z,143,45062ad60ee9e555d3b08fc2e337c5a037d762ed
101776429360,34132712610,ci-core,onnx-light main (ubuntu-latest),completed,failure,2026-09-07T14:25:22Z,2026-09-07T14:29:25Z,243,fef5ee740a14478359c5522565c1223e9cddf1e1
101761967825,34128268440,ci-core,onnx-light main (ubuntu-latest),completed,failure,2026-09-07T13:49:59Z,2026-09-07T13:53:23Z,204,660e34468e8152524ad674295e271fc2fd56d754
101759653041,34127509335,ci-core,onnx-light main (ubuntu-latest),completed,success,2026-09-07T13:40:27Z,2026-09-07T13:43:49Z,202,5caa8f2ec965d28dc05afeff17ecf79cb803d948
101757688375,34126930464,ci-core,onnx-light main (ubuntu-latest),completed,cancelled,2026-09-07T13:25:21Z,2026-09-07T13:27:52Z,151,217a338eeae08b32502268025dc00f1d856c27f8
101749559743,34124404188,ci-core,onnx-light main (ubuntu-latest),completed,success,2026-09-07T12:54:14Z,2026-09-07T12:58:22Z,248,267d9906d467d736cc27035425b6bbb3115358d1
101749681725,34122589077,ci-core,onnx-light main (ubuntu-latest),completed,success,2026-09-07T12:57:24Z,2026-09-07T13:01:18Z,234,7650cc73a129877353c4ac3013c9050e5631af28
105889233542,35440072137,ci-core,onnx-light main (ubuntu-latest),completed,success,2026-09-19T11:25:31Z,2026-09-19T11:38:20Z,769,5c19e55b75050fde3062fc87ae4d348aaa478c7d
105885709945,35438332500,ci-core,onnx-light main (ubuntu-latest),completed,success,2026-09-19T10:55:41Z,2026-09-19T11:02:25Z,404,16e77c67530f5a44cec5a6618ff30c839412e43d
105879397194,35434890234,ci-core,onnx-light main (ubuntu-latest),completed,failure,2026-09-19T10:02:05Z,2026-09-19T10:13:57Z,712,e396cea6f7f027dffb8e7bb43b5775e524ea5401
105870853467,35401200017,ci-core,onnx-light main (ubuntu-latest),completed,failure,2026-09-19T08:49:21Z,2026-09-19T08:52:39Z,198,8d1ac546b9707f00715d42a699f29cd5262251cf
105779629876,35400685893,ci-core,onnx-light main (ubuntu-latest),completed,success,2026-09-18T22:14:56Z,2026-09-18T22:25:41Z,645,e963c0e84312e190dee976a1658ca213c1c39798
105765956321,35394991425,ci-core,onnx-light main (ubuntu-latest),completed,success,2026-09-18T21:22:19Z,2026-09-18T21:34:32Z,733,86f7c4721f7aa7ceb855056170c4dfdf3376da09
105760514862,35394619583,ci-core,onnx-light main (ubuntu-latest),completed,success,2026-09-18T21:03:14Z,2026-09-18T21:33:09Z,1795,6091d2c4052f9093d17665f55ef0e52702c10f42
105760174638,35371832169,ci-core,onnx-light main (ubuntu-latest),completed,cancelled,2026-09-18T21:00:50Z,2026-09-18T21:21:06Z,1216,9049707fd89f5781ef7d4d4237d3ae2a800ccddb
105685918982,35359549976,ci-core,onnx-light main (ubuntu-latest),completed,success,2026-09-18T16:56:15Z,2026-09-18T17:25:18Z,1743,0c5ee58d7f3fc3d526c709b9667dfb01cca70e2f
105633145294,35352652076,ci-core,onnx-light main (ubuntu-latest),completed,failure,2026-09-18T14:29:24Z,2026-09-18T14:35:56Z,392,8a426d371affe5605ca99965d986cc61ec5466ce
105633030855,35352040084,ci-core,onnx-light main (ubuntu-latest),completed,failure,2026-09-18T14:17:19Z,2026-09-18T14:19:56Z,157,79216b5fb6a3ba765e988e53aed3d3931d24d7bd
105619022269,35350824829,ci-core,onnx-light main (ubuntu-latest),completed,failure,2026-09-18T14:01:08Z,2026-09-18T14:03:28Z,140,a11bfdbf8ab57ad872cabacd06898adac893bb63
105611407839,35348716385,ci-core,onnx-light main (ubuntu-latest),completed,success,2026-09-18T13:27:06Z,2026-09-18T13:33:22Z,376,ad964809afc0ddbc4320e656d72b7a89be526b2b
105605935315,35347031308,ci-core,onnx-light main (ubuntu-latest),completed,success,2026-09-18T12:57:56Z,2026-09-18T13:03:02Z,306,a16de32cd15d4c4ac3ba9d7644a92dc80b7c2e22
105605801366,35345002791,ci-core,onnx-light main (ubuntu-latest),completed,success,2026-09-18T12:52:24Z,2026-09-18T13:00:07Z,463,9d1b6292001ce249ea2cf043389eac8a7d42aeae
105598769970,35344801976,ci-core,onnx-light main (ubuntu-latest),completed,failure,2026-09-18T12:42:30Z,2026-09-18T12:45:19Z,169,c4cb1a067617cb1411696c129e6ec2928b1c0be6
105598732322,35344791428,ci-core,onnx-light main (ubuntu-latest),completed,cancelled,2026-09-18T12:27:52Z,2026-09-18T12:27:59Z,7,54e7c8e5e2180f032260d37c444c9219131adc8a
105592472251,35342522584,ci-core,onnx-light main (ubuntu-latest),completed,failure,2026-09-18T12:07:28Z,2026-09-18T12:09:57Z,149,5b2dd3f8e56afd6019d97ef4700876c0f55f0791
105595529517,35342046821,ci-core,onnx-light main (ubuntu-latest),completed,success,2026-09-18T12:16:47Z,2026-09-18T12:22:19Z,332,ccc85dedbfa006660e51e1851d9c432d82531131
105588989760,35341257800,ci-core,onnx-light main (ubuntu-latest),completed,failure,2026-09-18T11:52:11Z,2026-09-18T11:56:24Z,253,89a29cfa28a014fff8e2a593bd1762187faf8de6
105580844174,35339155310,ci-core,onnx-light main (ubuntu-latest),completed,success,2026-09-18T11:20:37Z,2026-09-18T11:25:05Z,268,82f359121dfb48864108ba434c7bd5237e11675d
105558230979,35331977908,ci-core,onnx-light main (ubuntu-latest),completed,success,2026-09-18T09:57:01Z,2026-09-18T10:04:39Z,458,1c8f82b663d4bea9f971b6e3d12a6a1cc260aa4c
105557697523,35331835149,ci-core,onnx-light main (ubuntu-latest),completed,success,2026-09-18T09:55:48Z,2026-09-18T10:02:00Z,372,adf621cd2000dbb2c445eb17d52a8c9bdc570116
105557593311,35331801036,ci-core,onnx-light main (ubuntu-latest),completed,cancelled,2026-09-18T09:52:34Z,2026-09-18T09:54:52Z,138,64dbdf3ef224c287fe4e107c967a03b01bafa782
105550599690,35329594002,ci-core,onnx-light main (ubuntu-latest),completed,success,2026-09-18T09:27:06Z,2026-09-18T09:34:25Z,439,42e00e3b0353b1a2a4340640e2115b0a0bf57d4c
105543369178,35327342423,ci-core,onnx-light main (ubuntu-latest),completed,failure,2026-09-18T09:01:19Z,2026-09-18T09:07:53Z,394,fad4e616fe83b5122874dce38641125e5ea4ca36
105289133334,35246851894,ci-core,onnx-light main (ubuntu-latest),completed,success,2026-09-17T16:29:03Z,2026-09-17T16:35:09Z,366,50ea2ad8c6ace53d8ec622180adb297225b0d561
105283663853,35245247032,ci-core,onnx-light main (ubuntu-latest),completed,failure,2026-09-17T16:13:34Z,2026-09-17T16:19:20Z,346,712ae8e3c9e5fb5154c9013279a32b9b1382dc4d
105275054547,35242741987,ci-core,onnx-light main (ubuntu-latest),completed,success,2026-09-17T15:49:39Z,2026-09-17T15:55:19Z,340,3a0c5fce549d0e0ba14ecc1658caaa3bc9ecff5a
105258246431,35237841340,ci-core,onnx-light main (ubuntu-latest),completed,success,2026-09-17T15:04:39Z,2026-09-17T15:10:56Z,377,a7ba958b93776ca7eed2e14918e65641f19aac59
105256685123,35237382421,ci-core,onnx-light main (ubuntu-latest),completed,success,2026-09-17T15:00:37Z,2026-09-17T15:05:55Z,318,2753a667433e6a80e5d875357de7876ba528abcd
105243968258,35233670557,ci-core,onnx-light main (ubuntu-latest),completed,success,2026-09-17T14:27:24Z,2026-09-17T14:33:01Z,337,8d7d665b67a24609de5ad076526c05aab4d0a1dc
105236793790,35231490741,ci-core,onnx-light main (ubuntu-latest),completed,success,2026-09-17T14:09:12Z,2026-09-17T14:16:49Z,457,b7117a2c9c8e74448fc1eb5e78b03329b1dd4460
105236553157,35231413829,ci-core,onnx-light main (ubuntu-latest),completed,success,2026-09-17T14:07:48Z,2026-09-17T14:12:51Z,303,395733b6843b2e64487681911f0102df011baaa6
105234025460,35230790701,ci-core,onnx-light main (ubuntu-latest),completed,cancelled,2026-09-17T14:01:39Z,2026-09-17T14:07:45Z,366,9a52a56250874cbb8261a6a5bf149f64be46b16b
105232971617,35230482828,ci-core,onnx-light main (ubuntu-latest),completed,failure,2026-09-17T13:58:31Z,2026-09-17T14:02:17Z,226,c5a9aba70d9b74ee2aeb5cb9275ee60e9d5c21e6
105209605153,35223628257,ci-core,onnx-light main (ubuntu-latest),completed,success,2026-09-17T12:52:34Z,2026-09-17T12:58:17Z,343,f58bd68f1be6f8bba3304116cea2cb70ecc8c4ca
105198333291,35220253525,ci-core,onnx-light main (ubuntu-latest),completed,success,2026-09-17T12:17:16Z,2026-09-17T12:23:17Z,361,0100dbb51affe30031cc786d1bbbcf630415b4e6
105193969248,35218914314,ci-core,onnx-light main (ubuntu-latest),completed,success,2026-09-17T12:02:46Z,2026-09-17T12:09:08Z,382,72da15ef6d7ef06b01902766997b3aa05074b7b5
105187543929,35216940641,ci-core,onnx-light main (ubuntu-latest),completed,success,2026-09-17T11:40:39Z,2026-09-17T11:45:37Z,298,e1756e169c574e01724321d8b194d176f2fd81d8
105185818270,35216381194,ci-core,onnx-light main (ubuntu-latest),completed,success,2026-09-17T11:34:39Z,2026-09-17T11:51:24Z,1005,288783d08ed2a0ebb84697dfc5c5c70f32bd9dcb
105185273464,35216211992,ci-core,onnx-light main (ubuntu-latest),completed,success,2026-09-17T11:32:41Z,2026-09-17T11:38:43Z,362,4eb822d197eda57fc928d6b100c51992c658887b
105185049142,35216168361,ci-core,onnx-light main (ubuntu-latest),completed,cancelled,2026-09-17T11:31:55Z,2026-09-17T11:32:38Z,43,fb72e19d95e15ff382ba0e9e6608d90d6bad5723
105178040291,35213981269,ci-core,onnx-light main (ubuntu-latest),completed,success,2026-09-17T11:12:49Z,2026-09-17T11:19:50Z,421,df2bd2971aab8987868c8ff9c119b2ac710a698c
105178038285,35213980429,ci-core,onnx-light main (ubuntu-latest),completed,success,2026-09-17T11:07:26Z,2026-09-17T11:26:34Z,1148,7d3c309f666bbbc856da57299441bc4655dd8dcb
105177998226,35213969271,ci-core,onnx-light main (ubuntu-latest),completed,success,2026-09-17T11:07:48Z,2026-09-17T11:15:14Z,446,952016c9506ee2debacdf0ddacde2addbf209b23
105177580855,35213869942,ci-core,onnx-light main (ubuntu-latest),completed,cancelled,2026-09-17T11:05:35Z,2026-09-17T11:06:45Z,70,ab4d35a8b010d2c2eda45b7734f8fecab07d4f54
105177309173,35213784112,ci-core,onnx-light main (ubuntu-latest),completed,success,2026-09-17T11:05:52Z,2026-09-17T11:12:11Z,379,be1a7073715de3ccae0657b5a0e1004d6a069cfe
105177137785,35213724201,ci-core,onnx-light main (ubuntu-latest),completed,cancelled,2026-09-17T11:05:54Z,2026-09-17T11:07:10Z,76,f992f2001a6d79e0a2958ba71d897177416b08d5
105177052425,35213677036,ci-core,onnx-light main (ubuntu-latest),completed,cancelled,2026-09-17T11:03:45Z,2026-09-17T11:07:08Z,203,c3b41c75ffcc2f27f1477d99b01a50a195762106
105171295745,35211949060,ci-core,onnx-light main (ubuntu-latest),completed,success,2026-09-17T10:43:20Z,2026-09-17T10:48:49Z,329,43cfdfa484ba5d5731ddffe2dbf9fc547b5c2e9d
105172333896,35209737733,ci-core,onnx-light main (ubuntu-latest),completed,failure,2026-09-17T10:53:40Z,2026-09-17T10:57:37Z,237,f80c19802cc4b0cd9714f733f1033e15d2568824
105172140946,35208968310,ci-core,onnx-light main (ubuntu-latest),completed,cancelled,2026-09-17T10:46:16Z,2026-09-17T11:03:43Z,1047,2d855bb58e6bfb69b2fac5ef72492af6ef55ea19
105172207625,35208728487,ci-core,onnx-light main (ubuntu-latest),completed,success,2026-09-17T10:50:42Z,2026-09-17T10:58:09Z,447,33d762ddfdac95f77b4137196175072e57429e0d
105172261438,35208300652,ci-core,onnx-light main (ubuntu-latest),completed,failure,2026-09-17T10:51:53Z,2026-09-17T11:00:31Z,518,dd078e31f6451302ac76af3224b53887fa15bc46
105159064955,35208197780,ci-core,onnx-light main (ubuntu-latest),completed,success,2026-09-17T10:00:40Z,2026-09-17T10:04:39Z,239,b1aa9ce3c32f819aae0ab7264824f8cf8a60b6d9
105148381620,35204967338,ci-core,onnx-light main (ubuntu-latest),completed,success,2026-09-17T09:24:46Z,2026-09-17T09:30:49Z,363,839a31e1b5e25ab87ed2b106c80a5ee7d39569c8
105138646513,35201959380,ci-core,onnx-light main (ubuntu-latest),completed,success,2026-09-17T08:51:51Z,2026-09-17T08:56:47Z,296,4933667125cb373007bf8959a28cac88de2df2e8
105136576729,35201334113,ci-core,onnx-light main (ubuntu-latest),completed,success,2026-09-17T08:44:54Z,2026-09-17T08:51:02Z,368,4425ddf2b660283635040977454ee4ea5efd8fab
105134200583,35200616863,ci-core,onnx-light main (ubuntu-latest),completed,success,2026-09-17T08:36:57Z,2026-09-17T08:42:35Z,338,687c1495d82023c9ca722cfe93c4932fee773fb8
105128134635,35198751489,ci-core,onnx-light main (ubuntu-latest),completed,success,2026-09-17T08:15:59Z,2026-09-17T08:22:07Z,368,3ab3b9af7fddee2cad1ae39b0ea1fece48a58b8f
105127182181,35132783976,ci-core,onnx-light main (ubuntu-latest),completed,success,2026-09-16T18:38:02Z,2026-09-16T18:44:05Z,363,e9d47dbfeb59e5d017a56c5cea4586637e8fe457
105128192806,35132782497,ci-core,onnx-light main (ubuntu-latest),completed,failure,2026-09-17T08:18:30Z,2026-09-17T08:23:25Z,295,e809098f79bc7c4662e5af764e33d9b088e0ac5a
104914922471,35125107485,ci-core,onnx-light main (ubuntu-latest),completed,failure,2026-09-16T18:03:15Z,2026-09-16T18:10:16Z,421,0202a3ab69dbb96eec0857904f4b7f0933ec36bc
104880486625,35121600864,ci-core,onnx-light main (ubuntu-latest),completed,success,2026-09-16T16:23:41Z,2026-09-16T16:29:18Z,337,2b66ea4bc063002a77e7eda4b12b94550d2bd8ab
104860322115,35111872510,ci-core,onnx-light main (ubuntu-latest),completed,success,2026-09-16T15:29:21Z,2026-09-16T15:37:12Z,471,9ed2465418e92abbb637e1d750a6ba5fbc7ed4b4
104829217976,35106570125,ci-core,onnx-light main (ubuntu-latest),completed,success,2026-09-16T14:09:10Z,2026-09-16T14:14:02Z,292,7bf7d2d55939452a294f2e60eefca9163f81279e
104817417489,35103152646,ci-core,onnx-light main (ubuntu-latest),completed,success,2026-09-16T13:37:56Z,2026-09-16T13:44:43Z,407,a0752794698795fb383cc694422a7148e908434a
104810995671,35100459477,ci-core,onnx-light main (ubuntu-latest),completed,failure,2026-09-16T13:20:20Z,2026-09-16T13:25:53Z,333,2e107ffc1c70264d03b91dc523aa6198568cc214
104796390033,35096310227,ci-core,onnx-light main (ubuntu-latest),completed,success,2026-09-16T12:37:26Z,2026-09-16T12:42:40Z,314,c4e94112da49ab3a396ddca5d3bd4c538db74e36
104792430822,35095487672,ci-core,onnx-light main (ubuntu-latest),completed,success,2026-09-16T12:25:23Z,2026-09-16T12:31:52Z,389,fd2a9b9a8c88f2350a27b3540cef893ad1260242
104784513953,35093254716,ci-core,onnx-light main (ubuntu-latest),completed,success,2026-09-16T11:59:40Z,2026-09-16T12:04:50Z,310,5456f304114917cabdcf31ff08ba68f424d958d4
104784286031,35093232364,ci-core,onnx-light main (ubuntu-latest),completed,cancelled,2026-09-16T11:58:53Z,2026-09-16T11:59:30Z,37,dcd07c5e3aaf396045c2072acb8f871181607cd4
104766080279,35087622402,ci-core,onnx-light main (ubuntu-latest),completed,success,2026-09-16T10:57:26Z,2026-09-16T11:04:10Z,404,6fe0e2000a4da96b71c5a24d6f25b450821bd3cd
104765985870,35083265919,ci-core,onnx-light main (ubuntu-latest),completed,success,2026-09-16T10:55:47Z,2026-09-16T11:08:34Z,767,f07c2d1079a59398188d0cbea48a28063f139dc6
104742659887,35077289643,ci-core,onnx-light main (ubuntu-latest),completed,failure,2026-09-16T09:36:29Z,2026-09-16T09:39:43Z,194,7b75c25ad5cfab6d668c6c7947cc56740f6e8e53
104729168085,35073130455,ci-core,onnx-light main (ubuntu-latest),completed,success,2026-09-16T08:53:41Z,2026-09-16T09:17:26Z,1425,85c2de91f0e90dc59912a3fecebcb7f14d59fd2b
104716946547,35072464898,ci-core,onnx-light main (ubuntu-latest),completed,success,2026-09-16T08:12:11Z,2026-09-16T08:17:36Z,325,bc0e2df7e5d7f5ffa816a489152dcbb95dcaf32b
104710945901,35022505568,ci-core,onnx-light main (ubuntu-latest),completed,success,2026-09-16T07:50:36Z,2026-09-16T07:57:13Z,397,3b91353f05ad0f7d3abfb03f0187f0d4d0680380
104559220008,35021854886,ci-core,onnx-light main (ubuntu-latest),completed,success,2026-09-15T20:48:18Z,2026-09-15T20:54:01Z,343,a16f5276b232293900a47686f39efcfe0fdc0eed
104289377223,34939760818,ci-core,onnx-light main (ubuntu-latest),completed,success,2026-09-15T07:46:50Z,2026-09-15T07:52:21Z,331,7a8be75be6319d65b42c0ebe1e05b47c6dcd18a5
104280343903,34938098141,ci-core,onnx-light main (ubuntu-latest),completed,success,2026-09-15T06:41:52Z,2026-09-15T07:08:20Z,1588,9d1673a7bcde96dc7d09fe3c06ff46d1444b2109
