job_id,run_id,workflow,job_name,status,conclusion,started_at,completed_at,duration_seconds,head_sha
96331838054,32338206942,ci-core,onnx-light main (windows-latest),completed,success,2026-08-20T06:06:52Z,2026-08-20T06:26:40Z,1188,c8f08d7453d907f647b6d70943d95271f775fd5d
96330872737,32337892933,ci-core,onnx-light main (windows-latest),completed,success,2026-08-20T06:01:52Z,2026-08-20T06:26:06Z,1454,161ba2443629210e98dc760d3c93a2658fe58c16
96329535876,32337406334,ci-core,onnx-light main (windows-latest),completed,cancelled,2026-08-20T05:54:39Z,2026-08-20T06:06:36Z,717,f238e662267441b8cb204a86322381a6362d55a8
96328543340,32337056565,ci-core,onnx-light main (windows-latest),completed,cancelled,2026-08-20T05:49:10Z,2026-08-20T06:24:00Z,2090,8d0b0ce660dece383367f52cbe109343b2628a8d
96326055010,32336169421,ci-core,onnx-light main (windows-latest),completed,success,2026-08-20T05:35:20Z,2026-08-20T05:40:49Z,329,f8e9d7e72c77430c7d52c67bf98acc7084529aa8
96323956488,32335422657,ci-core,onnx-light main (windows-latest),completed,failure,2026-08-20T05:23:41Z,2026-08-20T05:28:18Z,277,a47b1db2c4837bacd75f39f7c3a26de5fe390649
96224670877,32301422934,ci-core,onnx-light main (windows-latest),completed,failure,2026-08-19T20:58:43Z,2026-08-19T21:02:39Z,236,4df1642975835150de7eaa43ea41f6161702b066
96222952260,32300863871,ci-core,onnx-light main (windows-latest),completed,failure,2026-08-19T20:52:32Z,2026-08-19T20:57:09Z,277,681c4f0c005edae79bdeb470de9591cc2d30fe86
96222624204,32300737824,ci-core,onnx-light main (windows-latest),completed,cancelled,2026-08-19T20:51:21Z,2026-08-19T20:52:25Z,64,1b3992ea0bbc7ba1aa6f2d54b6179178aded7225
96221590174,32300435879,ci-core,onnx-light main (windows-latest),completed,cancelled,2026-08-19T20:47:44Z,2026-08-19T20:51:17Z,213,b0323fb73053aa02be09bb724e93c9cb67cb059d
96214054361,32298082056,ci-core,onnx-light main (windows-latest),completed,failure,2026-08-19T20:21:31Z,2026-08-19T20:25:35Z,244,03f6a638d5d58feeccb7461f7be080f71c06b486
96201494080,32294154532,ci-core,onnx-light main (windows-latest),completed,failure,2026-08-19T19:38:44Z,2026-08-19T20:02:42Z,1438,a508c886c66ea6c6761069e34f82335da7476d62
96189850414,32290472199,ci-core,onnx-light main (windows-latest),completed,failure,2026-08-19T18:59:18Z,2026-08-19T19:35:42Z,2184,00b7a9f5570c1a6037e2c5dff623f0cb1b045d71
96719096584,32464820450,ci-core,onnx-light main (windows-latest),completed,success,2026-08-21T08:47:45Z,2026-08-21T08:53:44Z,359,a30c2e7d98e5c406ed3d19344d2c3de07843fca8
96711761876,32462378064,ci-core,onnx-light main (windows-latest),completed,success,2026-08-21T08:16:00Z,2026-08-21T08:44:18Z,1698,a4bb2c1c58de045ce2e1b43a7ed23990c3c50148
96707923218,32461019606,ci-core,onnx-light main (windows-latest),completed,success,2026-08-21T07:59:52Z,2026-08-21T08:09:19Z,567,e61aa43230cdbcc4e8851ad378902a88df42efa3
96704550622,32459877817,ci-core,onnx-light main (windows-latest),completed,cancelled,2026-08-21T07:46:40Z,2026-08-21T07:59:04Z,744,2e184c2253469566f4bce05842ec6bde793f3c89
96704545717,32458927334,ci-core,onnx-light main (windows-latest),completed,success,2026-08-21T07:44:09Z,2026-08-21T07:54:04Z,595,d1b17bcd68e8e484ea7185e86b9eadddc1b8e7cc
96699484203,32458171502,ci-core,onnx-light main (windows-latest),completed,cancelled,2026-08-21T07:20:14Z,2026-08-21T07:43:31Z,1397,e7ed1be4befe832b5f97dac54cf0142d61c5c8bf
96692249379,32426999222,ci-core,onnx-light main (windows-latest),completed,success,2026-08-21T06:45:07Z,2026-08-21T07:19:10Z,2043,1ba5f6f98f18ce2825ef5c405ea7f4e462e4b8e4
96692211242,32425306166,ci-core,onnx-light main (windows-latest),completed,success,2026-08-21T06:44:28Z,2026-08-21T07:21:17Z,2209,35141e5352195272293d20746ddf3d7086edbc74
96602528248,32424123612,ci-core,onnx-light main (windows-latest),completed,success,2026-08-20T22:25:30Z,2026-08-20T23:01:27Z,2157,1ea52183830d1c600f6f3c24440c1f664b289082
96602263718,32424100589,ci-core,onnx-light main (windows-latest),completed,cancelled,2026-08-20T22:24:22Z,2026-08-20T22:24:48Z,26,d9db6ac9fe8c549e06ce22bc315d41c7a761620f
96590839440,32419593153,ci-core,onnx-light main (windows-latest),completed,success,2026-08-20T21:37:53Z,2026-08-20T22:12:33Z,2080,0f8d39200cbf13aa0f5375dc24e3f146a6e63f86
96583581282,32417830824,ci-core,onnx-light main (windows-latest),completed,success,2026-08-20T21:10:35Z,2026-08-20T21:47:46Z,2231,8a2787af93ef7c198ef01ce4138b52af1a90f91a
96581750549,32417403838,ci-core,onnx-light main (windows-latest),completed,failure,2026-08-20T21:04:01Z,2026-08-20T21:09:04Z,303,70f567aeba680a1379c581743f4f775c7f271cd2
96581075335,32417053015,ci-core,onnx-light main (windows-latest),completed,failure,2026-08-20T21:01:38Z,2026-08-20T21:07:24Z,346,7132f0177150cb43d7f1dc2dcd22909abde1b596
96579875567,32416321272,ci-core,onnx-light main (windows-latest),completed,failure,2026-08-20T20:57:20Z,2026-08-20T21:01:52Z,272,b557bbd21f67925240860af1f854f4846f2392f5
96577498676,32415400704,ci-core,onnx-light main (windows-latest),completed,success,2026-08-20T20:48:52Z,2026-08-20T20:53:51Z,299,2410f05d22b074fec4a0818e656da801de0e60b2
96576060844,32415191837,ci-core,onnx-light main (windows-latest),completed,failure,2026-08-20T20:43:41Z,2026-08-20T20:54:17Z,636,6de2f03c21cfab107f8419d1b8bb79fa65bc3929
96573241080,32414153845,ci-core,onnx-light main (windows-latest),completed,cancelled,2026-08-20T20:33:52Z,2026-08-20T20:43:38Z,586,c0c558c4dea4ae9c433f749f90c6df685e8b6fa0
96568740944,32413338086,ci-core,onnx-light main (windows-latest),completed,success,2026-08-20T20:18:22Z,2026-08-20T20:34:14Z,952,47c5a85bc0ab98cff7739303634af78ee4d21fe4
96564782023,32412145049,ci-core,onnx-light main (windows-latest),completed,cancelled,2026-08-20T20:04:57Z,2026-08-20T20:18:19Z,802,eca53d0ca395093599a345863fd5a815b17387a6
96565200865,32411478170,ci-core,onnx-light main (windows-latest),completed,failure,2026-08-20T20:07:21Z,2026-08-20T20:13:19Z,358,889722e1765d26e486c121f02d22ee862239c9fb
96559906927,32399923502,ci-core,onnx-light main (windows-latest),completed,success,2026-08-20T19:48:30Z,2026-08-20T20:03:55Z,925,cbe489ff17d4e73ae79ae194d23b327671dd46a3
96559850560,32399854771,ci-core,onnx-light main (windows-latest),completed,failure,2026-08-20T19:47:49Z,2026-08-20T20:01:56Z,847,6896989b39fe5b5ee6182f61434a410d483b1f38
96524422432,32399622578,ci-core,onnx-light main (windows-latest),completed,success,2026-08-20T17:48:11Z,2026-08-20T17:53:01Z,290,bf69afb40f3a23b34ad024f321bad061a5db5143
96560310056,32399283966,ci-core,onnx-light main (windows-latest),completed,success,2026-08-20T19:49:23Z,2026-08-20T20:17:38Z,1695,b56e086290fba3ca22c83f7061da2ec15c4a0739
96520249871,32398317771,ci-core,onnx-light main (windows-latest),completed,success,2026-08-20T17:34:06Z,2026-08-20T17:39:24Z,318,ace613b45e1ed803e1a30a4252768b7294dfe142
96518982662,32397919637,ci-core,onnx-light main (windows-latest),completed,success,2026-08-20T17:29:50Z,2026-08-20T17:35:00Z,310,baf103cee67caa4e3654b11be1d993326331208f
96517016117,32396324035,ci-core,onnx-light main (windows-latest),completed,success,2026-08-20T17:24:16Z,2026-08-20T17:47:44Z,1408,a64e911244144b62662a20e1ba9f02930c7f3a59
96516782976,32395969860,ci-core,onnx-light main (windows-latest),completed,success,2026-08-20T17:22:23Z,2026-08-20T17:28:51Z,388,4242d8c9ed72b151cbd39e8f88e515d4ee51e0f9
96510881374,32395333675,ci-core,onnx-light main (windows-latest),completed,success,2026-08-20T17:02:39Z,2026-08-20T17:07:30Z,291,b0b9d9b92e6391deaca39403907132b18f61d2a8
96508505416,32394550767,ci-core,onnx-light main (windows-latest),completed,cancelled,2026-08-20T16:54:50Z,2026-08-20T17:02:35Z,465,e597c145b4b675be231f67b3feae1cd7316648e6
96508483509,32393814339,ci-core,onnx-light main (windows-latest),completed,success,2026-08-20T16:54:34Z,2026-08-20T17:01:09Z,395,4410952f6186d0c35930cb5b220440c005ae733d
96504698552,32393346432,ci-core,onnx-light main (windows-latest),completed,failure,2026-08-20T16:41:51Z,2026-08-20T17:11:17Z,1766,73826ec40cc30f4aabcdd531d46ab4b9fdfd5fa4
96502933874,32392894605,ci-core,onnx-light main (windows-latest),completed,cancelled,2026-08-20T16:35:59Z,2026-08-20T16:54:36Z,1117,fb9746c52385578629e1830ed2f440d660351220
96502998166,32376140951,ci-core,onnx-light main (windows-latest),completed,success,2026-08-20T16:36:12Z,2026-08-20T16:41:42Z,330,54124f3206d64229a668e8023eed8b5350bf7cc4
96443589169,32374827957,ci-core,onnx-light main (windows-latest),completed,success,2026-08-20T13:32:19Z,2026-08-20T13:40:33Z,494,286bfad8c2a03415d2d9d8d5e3d4696830739784
96443652742,32372373620,ci-core,onnx-light main (windows-latest),completed,failure,2026-08-20T13:32:41Z,2026-08-20T13:40:05Z,444,3904db3a1e8922b1acad3b3a5d7cb7ca07800b08
96443745767,32372084864,ci-core,onnx-light main (windows-latest),completed,success,2026-08-20T13:33:18Z,2026-08-20T14:02:00Z,1722,e63acdb16a46d533247f902c8f25c8d1d2064a6a
96432367414,32371335913,ci-core,onnx-light main (windows-latest),completed,success,2026-08-20T12:54:57Z,2026-08-20T13:01:20Z,383,87346200d69465b62de1e469d7462d255378c54b
96432500356,32368456110,ci-core,onnx-light main (windows-latest),completed,success,2026-08-20T12:55:35Z,2026-08-20T13:01:48Z,373,f8e7ce035aa6ffd3ee9b37b5921fee36efdfc8ed
96418537184,32366989169,ci-core,onnx-light main (windows-latest),completed,success,2026-08-20T12:04:54Z,2026-08-20T12:14:54Z,600,da46a2c2197d811270c3bdc4b3c4b1b2e3dc27e7
96418726710,32364296426,ci-core,onnx-light main (windows-latest),completed,success,2026-08-20T12:05:37Z,2026-08-20T12:14:39Z,542,b96425660f0221cc3d98105980ec54479e61604b
96405091400,32362561732,ci-core,onnx-light main (windows-latest),completed,success,2026-08-20T11:11:07Z,2026-08-20T11:45:44Z,2077,af814cc692c616717b51f4fac5494dab459cdd10
96405164732,32360010308,ci-core,onnx-light main (windows-latest),completed,success,2026-08-20T11:11:33Z,2026-08-20T11:45:54Z,2061,631954b342b65bc0a9201ff8bb0c7e181ef10aa1
96396702288,32359782046,ci-core,onnx-light main (windows-latest),completed,success,2026-08-20T10:36:51Z,2026-08-20T10:41:36Z,285,69459cd2b1b00bbdbda60a8a6fc98c130b83c68c
96396853872,32356226190,ci-core,onnx-light main (windows-latest),completed,success,2026-08-20T10:37:28Z,2026-08-20T10:44:06Z,398,7344e993165394cfcef3df4f96293aa9685b753a
96383068516,32354196972,ci-core,onnx-light main (windows-latest),completed,failure,2026-08-20T09:43:17Z,2026-08-20T09:48:49Z,332,626b3f6ca6b3e19a213d4c0b01ca7d221defe63b
96382996588,32353137987,ci-core,onnx-light main (windows-latest),completed,success,2026-08-20T09:42:45Z,2026-08-20T09:49:06Z,381,e765992f78e8df9f38d89038c47ab21d4d48ed2b
96375643977,32352867325,ci-core,onnx-light main (windows-latest),completed,success,2026-08-20T09:14:33Z,2026-08-20T09:18:51Z,258,5e99689ad463d474f38c05e7b658d62c68b5e912
96371704035,32350317178,ci-core,onnx-light main (windows-latest),completed,failure,2026-08-20T08:59:44Z,2026-08-20T09:05:31Z,347,ba04a1a6a116c486146bacc6d1bad46f3fd8bbaa
96371739276,32349760416,ci-core,onnx-light main (windows-latest),completed,success,2026-08-20T09:00:07Z,2026-08-20T09:05:48Z,341,9b4bb34f4c14b7f6734068c5897a97b122f2d87e
96360602018,32347944300,ci-core,onnx-light main (windows-latest),completed,success,2026-08-20T08:15:55Z,2026-08-20T08:20:48Z,293,decbd7780fbaae3117bcefc2204064912be613a9
96359303253,32346934741,ci-core,onnx-light main (windows-latest),completed,success,2026-08-20T08:10:47Z,2026-08-20T08:15:20Z,273,a7bc4260935a8069a193fc562927b94dbc0b392a
96351403899,32344876680,ci-core,onnx-light main (windows-latest),completed,success,2026-08-20T07:37:43Z,2026-08-20T07:42:11Z,268,12af5db24763940479bde630a2e569bba60bcf46
96349910363,32344367127,ci-core,onnx-light main (windows-latest),completed,success,2026-08-20T07:31:14Z,2026-08-20T07:36:02Z,288,9ca205d08ba46cf75a905db25dcd77cda1c340e9
96349768548,32344340544,ci-core,onnx-light main (windows-latest),completed,cancelled,2026-08-20T07:30:36Z,2026-08-20T07:30:54Z,18,019e83cc76bdfe2750975135ab1db8c5ab918cbf
96348649570,32343971780,ci-core,onnx-light main (windows-latest),completed,success,2026-08-20T07:28:56Z,2026-08-20T07:35:18Z,382,48e99a2e4253347165bc9b8187ea11ec62b8c669
96346594251,32343271143,ci-core,onnx-light main (windows-latest),completed,success,2026-08-20T07:17:41Z,2026-08-20T07:23:06Z,325,5e67e43e647b15b5f93cedeca674b368468e6e65
96346409858,32343235936,ci-core,onnx-light main (windows-latest),completed,cancelled,2026-08-20T07:16:22Z,2026-08-20T07:17:07Z,45,e7b4478fd913f9fafa7144671e0f3ad7ac4450e9
96336307249,32339730049,ci-core,onnx-light main (windows-latest),completed,success,2026-08-20T06:30:39Z,2026-08-20T06:37:49Z,430,bebbd63f8bc56f9d28e881f47fb55adabb280719
96909577839,32526515141,ci-core,onnx-light main (windows-latest),completed,success,2026-08-21T21:01:50Z,2026-08-21T21:06:52Z,302,d5c4dd65457369f554f975a52aeccca47876f767
96870391250,32513689463,ci-core,onnx-light main (windows-latest),completed,success,2026-08-21T18:30:24Z,2026-08-21T18:35:55Z,331,8d615032991bdd47f9b6132e4106446b676a65eb
96868161652,32512981459,ci-core,onnx-light main (windows-latest),completed,success,2026-08-21T18:22:13Z,2026-08-21T18:30:44Z,511,05a1ed5ee2a8ad7a321de50cad061f4c9415821d
96864078878,32484051028,ci-core,onnx-light main (windows-latest),completed,success,2026-08-21T18:07:21Z,2026-08-21T18:21:03Z,822,87cd55e7a1657739f24f4a4870fe9256c7782c5c
96775088981,32483597976,ci-core,onnx-light main (windows-latest),completed,success,2026-08-21T12:47:43Z,2026-08-21T12:54:36Z,413,ca02a2077f758c72e30da9607a0187029350da85
96772734024,32482800996,ci-core,onnx-light main (windows-latest),completed,success,2026-08-21T12:38:50Z,2026-08-21T12:46:57Z,487,f823595cc2d2d7321a05dc8123c7047eddfcd992
96772364424,32482707713,ci-core,onnx-light main (windows-latest),completed,cancelled,2026-08-21T12:36:44Z,2026-08-21T12:37:54Z,70,c8587e9940269f710874f2eeb8633f9aa3bd871c
96772172306,32482646839,ci-core,onnx-light main (windows-latest),completed,success,2026-08-21T12:36:01Z,2026-08-21T12:44:35Z,514,da5c5462dd65b7b6c8fa1b6ca77f1d8855aad595
96752100094,32475891118,ci-core,onnx-light main (windows-latest),completed,success,2026-08-21T11:09:33Z,2026-08-21T11:48:38Z,2345,15d8215a2e618d47662d55cc0c33dfc01ef702df
96751815258,32475819557,ci-core,onnx-light main (windows-latest),completed,cancelled,2026-08-21T11:08:18Z,2026-08-21T11:09:29Z,71,29b6180c7a3a4f812c52fc199ea1512d6e79415e
96747456335,32474333693,ci-core,onnx-light main (windows-latest),completed,success,2026-08-21T10:48:53Z,2026-08-21T11:20:03Z,1870,621e2d65209d8e05ee784e975e9ced616e45f295
96745109010,32473408092,ci-core,onnx-light main (windows-latest),completed,success,2026-08-21T10:38:17Z,2026-08-21T11:16:32Z,2295,6d0e4df9e467d049a52bb74c9fc384c5d6df834a
96744017814,32473163008,ci-core,onnx-light main (windows-latest),completed,failure,2026-08-21T10:36:33Z,2026-08-21T10:37:42Z,69,7233acf5d08f23a9bd9e8caa6c78543cb5f279d3
96735129740,32466284439,ci-core,onnx-light main (windows-latest),completed,success,2026-08-21T09:55:16Z,2026-08-21T10:32:04Z,2208,e82bc27f61332259a2f0b784b7d49e61d67f9821
97007722346,32563012560,ci-core,onnx-light main (windows-latest),completed,success,2026-08-22T08:46:05Z,2026-08-22T08:51:17Z,312,9c48491c366b57ea7852aab042a751804dfe42a9
97217616040,32647871422,ci-core,onnx-light main (windows-latest),completed,success,2026-08-23T15:35:23Z,2026-08-23T15:43:01Z,458,d368b1e7d3aeae369e68628c05b26a725789a028
97217649742,32647168707,ci-core,onnx-light main (windows-latest),completed,failure,2026-08-23T15:35:37Z,2026-08-23T15:42:29Z,412,bd34f4725b26a79ce672aa7408c2908011bac797
97211668592,32646588094,ci-core,onnx-light main (windows-latest),completed,success,2026-08-23T14:49:00Z,2026-08-23T14:54:27Z,327,d1c28c7acfd25f14769f2a6e89f9bc96ccd37a22
97194183881,32638736740,ci-core,onnx-light main (windows-latest),completed,success,2026-08-23T12:27:44Z,2026-08-23T12:35:32Z,468,21229b80a7d1398ee6511f5269ec088f6b7854d2
97194219775,32638566003,ci-core,onnx-light main (windows-latest),completed,success,2026-08-23T12:28:05Z,2026-08-23T12:35:27Z,442,af5328f3ea7a28d7bc890ad0f2e26dcf9b9a429a
97187722864,32633983643,ci-core,onnx-light main (windows-latest),completed,failure,2026-08-23T11:32:10Z,2026-08-23T11:37:52Z,342,a812e69f6ad407df4d4ac6366993294b3fb1734b
97187646101,32631332903,ci-core,onnx-light main (windows-latest),completed,failure,2026-08-23T11:31:31Z,2026-08-23T11:37:59Z,388,777148a0b3dfe514e624def572f1555bf76385cc
97174195589,32631191134,ci-core,onnx-light main (windows-latest),completed,success,2026-08-23T09:30:52Z,2026-08-23T09:36:24Z,332,bfb126b31e36e90f2247172dc9b9ffb5f94a4c36
97174116025,32631171257,ci-core,onnx-light main (windows-latest),completed,cancelled,2026-08-23T09:30:13Z,2026-08-23T09:30:40Z,27,0c37a944d593c2ab5d64e2143d890d6aaf3866c6
97173905480,32630814458,ci-core,onnx-light main (windows-latest),completed,failure,2026-08-23T09:28:21Z,2026-08-23T09:34:38Z,377,a4c5656b39fcba76e2cca90dceb80adf2c8b6315
97173229505,32630809857,ci-core,onnx-light main (windows-latest),completed,success,2026-08-23T09:22:22Z,2026-08-23T09:28:28Z,366,6f2d21eb5f34e3becb56c98518e1d4fa7deb4e4d
97172801656,32630639157,ci-core,onnx-light main (windows-latest),completed,success,2026-08-23T09:18:30Z,2026-08-23T09:22:37Z,247,a29b3c10b6899302e6d40238b38c1c33d60ba848
97169524767,32628472534,ci-core,onnx-light main (windows-latest),completed,failure,2026-08-23T08:50:12Z,2026-08-23T08:55:26Z,314,9a98a7405a1731b84b168e015c88532d12826ed2
97164128396,32627162932,ci-core,onnx-light main (windows-latest),completed,success,2026-08-23T08:02:05Z,2026-08-23T08:07:25Z,320,5590d1651bf83750f3375410c154da4c912451e0
97161583792,32626087979,ci-core,onnx-light main (windows-latest),completed,success,2026-08-23T07:38:30Z,2026-08-23T07:44:31Z,361,1f5b88cec02d06e2840dca86486cddee734bee94
97161193417,32625936478,ci-core,onnx-light main (windows-latest),completed,cancelled,2026-08-23T07:34:50Z,2026-08-23T07:38:27Z,217,52c22aba2ba5241165916298c9e679f9fc21f5a2
97160272374,32625563752,ci-core,onnx-light main (windows-latest),completed,success,2026-08-23T07:26:27Z,2026-08-23T07:31:22Z,295,9eb5e2a1b37651337b9a5409bb8999cc95d0408b
97159496710,32625239840,ci-core,onnx-light main (windows-latest),completed,success,2026-08-23T07:19:20Z,2026-08-23T07:25:03Z,343,7c256a1e5d59f14526700eb1e3d244cfc2a6252d
97159440574,32625228077,ci-core,onnx-light main (windows-latest),completed,cancelled,2026-08-23T07:18:49Z,2026-08-23T07:19:11Z,22,ddbccb8d40110d651155f7ecd5e616f4f9c7dfe8
97158562051,32624803827,ci-core,onnx-light main (windows-latest),completed,success,2026-08-23T07:11:02Z,2026-08-23T07:16:02Z,300,6aab55eb785a6b6ee8c273f25bced97479cc17c1
97157878121,32624603913,ci-core,onnx-light main (windows-latest),completed,success,2026-08-23T07:04:43Z,2026-08-23T07:12:23Z,460,61b584ecb294c59860fde418bd9c3a6e6f4901f5
97158034487,32624556761,ci-core,onnx-light main (windows-latest),completed,cancelled,2026-08-23T07:06:11Z,2026-08-23T07:10:59Z,288,c4b6fe3a951f548e1d9ecaca434c40aca1cda47a
97154550193,32623225279,ci-core,onnx-light main (windows-latest),completed,success,2026-08-23T06:33:33Z,2026-08-23T06:39:03Z,330,64e0f799e33a132e7f47d8ce7e50cd40f065cc9c
97154495743,32623215759,ci-core,onnx-light main (windows-latest),completed,cancelled,2026-08-23T06:33:01Z,2026-08-23T06:33:22Z,21,58b77beee8baad8562ccdc79c7a09f4add607f2e
97153597673,32622282727,ci-core,onnx-light main (windows-latest),completed,success,2026-08-23T06:24:45Z,2026-08-23T06:30:53Z,368,1f89cff6e0dc0ba7adf9ef41bfc3dac55ca89ad1
97153554246,32622241591,ci-core,onnx-light main (windows-latest),completed,success,2026-08-23T06:24:20Z,2026-08-23T06:31:19Z,419,82584009d37b0b299d4ccc5e65ec235019b097e7
97104691902,32603310834,ci-core,onnx-light main (windows-latest),completed,success,2026-08-22T22:45:02Z,2026-08-22T22:53:07Z,485,10518ad2678515b9a660e8bafce5a595ff093193
97104755953,32588025790,ci-core,onnx-light main (windows-latest),completed,success,2026-08-22T22:45:37Z,2026-08-22T22:53:01Z,444,960f77c61554d13cfddaf87a3a2340b74637720d
97104854968,32587437014,ci-core,onnx-light main (windows-latest),completed,success,2026-08-22T22:46:34Z,2026-08-22T22:54:01Z,447,fcfdb5ba58accda7061b77df7bf80cf14d0cf963
97063234670,32586355254,ci-core,onnx-light main (windows-latest),completed,success,2026-08-22T16:59:27Z,2026-08-22T17:07:05Z,458,28492a678d2d410ce89cf1a56f56d3b2797d8211
97063169572,32586344509,ci-core,onnx-light main (windows-latest),completed,cancelled,2026-08-22T16:58:56Z,2026-08-22T16:59:11Z,15,5af5454b26bb418dce67d0c992f034d9f60a5e8c
97063241403,32585630238,ci-core,onnx-light main (windows-latest),completed,success,2026-08-22T16:59:32Z,2026-08-22T17:06:06Z,394,b17243913ffc29cef63e1546f7dad08e324949a2
97061399716,32585594672,ci-core,onnx-light main (windows-latest),completed,success,2026-08-22T16:44:20Z,2026-08-22T16:50:39Z,379,fbc69196d9ed753a6100c8209f6b34c4e3076407
97060920385,32585391756,ci-core,onnx-light main (windows-latest),completed,success,2026-08-22T16:40:26Z,2026-08-22T16:50:25Z,599,ab9eb11dd4d7eb9904838f3decabbe705f65d9af
97060811141,32585366537,ci-core,onnx-light main (windows-latest),completed,cancelled,2026-08-22T16:39:39Z,2026-08-22T16:44:11Z,272,91e75e853b6ba64b935f38084694eb561ca86da0
97060806348,32585364601,ci-core,onnx-light main (windows-latest),completed,cancelled,2026-08-22T16:39:29Z,2026-08-22T16:40:16Z,47,3c788f453a44523eb79127fc62cc5cf0f7160f72
97061071569,32582398684,ci-core,onnx-light main (windows-latest),completed,success,2026-08-22T16:41:53Z,2026-08-22T16:50:04Z,491,ed39ac9ef51ea45c0e56711299ab1d0b597eaf81
97051025053,32581324861,ci-core,onnx-light main (windows-latest),completed,success,2026-08-22T15:19:13Z,2026-08-22T15:33:31Z,858,588fd45e6ca3bcef27aba0d221d5fd7291da8e34
97052056003,32581255789,ci-core,onnx-light main (windows-latest),completed,success,2026-08-22T15:28:08Z,2026-08-22T15:33:38Z,330,b6efed54fb51e4cdd5ad2e2f7fad071139d6cf47
97052028896,32581252410,ci-core,onnx-light main (windows-latest),completed,success,2026-08-22T15:27:14Z,2026-08-22T15:34:05Z,411,65f1e39f7bc4e1b4cbcc2c1e413da3e33098916d
97050750330,32581194714,ci-core,onnx-light main (windows-latest),completed,success,2026-08-22T15:16:45Z,2026-08-22T15:33:21Z,996,8da38a52e3995d5c1817f5afd71c520a3d5f9146
97050084631,32580917912,ci-core,onnx-light main (windows-latest),completed,cancelled,2026-08-22T15:11:22Z,2026-08-22T15:16:36Z,314,c7a50a4fa7232d6331737d4c61cbf434751b40f9
97049823723,32580821618,ci-core,onnx-light main (windows-latest),completed,cancelled,2026-08-22T15:09:18Z,2026-08-22T15:11:08Z,110,985436e84fe16d0f8cc162bd36a4e807400cd510
97047767965,32579946484,ci-core,onnx-light main (windows-latest),completed,success,2026-08-22T14:52:12Z,2026-08-22T15:07:49Z,937,d82d85c0924907b804ab5d2e3ec3de8aa0bda379
97046617573,32579319034,ci-core,onnx-light main (windows-latest),completed,success,2026-08-22T14:49:30Z,2026-08-22T15:09:49Z,1219,801e16521e84eda2d1f05c50b1a72e71a25a7a2c
97046191309,32579164531,ci-core,onnx-light main (windows-latest),completed,success,2026-08-22T14:39:34Z,2026-08-22T15:12:08Z,1954,4dcba309381b6b4de8c56b209269ac9273ee5e0a
97045572193,32579033499,ci-core,onnx-light main (windows-latest),completed,cancelled,2026-08-22T14:34:21Z,2026-08-22T15:09:15Z,2094,d26943bee78a5208225201906990a45f63cd7939
97045011055,32578798983,ci-core,onnx-light main (windows-latest),completed,cancelled,2026-08-22T14:29:32Z,2026-08-22T14:33:29Z,237,dd053441b934ad3cdf36be0b467476136aed31af
97044895700,32578746008,ci-core,onnx-light main (windows-latest),completed,cancelled,2026-08-22T14:27:58Z,2026-08-22T14:28:40Z,42,5a4489d62dab548c4eeffe04fe543acaa65260ad
97044788481,32578719472,ci-core,onnx-light main (windows-latest),completed,cancelled,2026-08-22T14:26:59Z,2026-08-22T14:52:09Z,1510,4aec6dd79a3f1bcb2ac2f5e390c513e5f114ea0f
97044426418,32578553456,ci-core,onnx-light main (windows-latest),completed,success,2026-08-22T14:23:39Z,2026-08-22T14:29:21Z,342,178c2aeac510a140501406074f5f16b677651de2
97044181223,32578463109,ci-core,onnx-light main (windows-latest),completed,cancelled,2026-08-22T14:21:43Z,2026-08-22T14:23:30Z,107,d2e758829dd63dd037db036e18e0b967d9ee6007
97044089327,32578404996,ci-core,onnx-light main (windows-latest),completed,cancelled,2026-08-22T14:20:46Z,2026-08-22T14:27:32Z,406,fd86ee1da9d14a9c59c029c0baddc484360370b7
97043749005,32578282930,ci-core,onnx-light main (windows-latest),completed,success,2026-08-22T14:18:26Z,2026-08-22T14:27:43Z,557,a43b7add567861171b4203e9354dfc4e658c2843
97043462967,32578163309,ci-core,onnx-light main (windows-latest),completed,cancelled,2026-08-22T14:15:25Z,2026-08-22T14:20:35Z,310,66e398233520355f72d13bb68ef5d4ee96736d76
97043414025,32578143362,ci-core,onnx-light main (windows-latest),completed,success,2026-08-22T14:15:00Z,2026-08-22T14:26:47Z,707,8d8cbf5b7bc61f731c8a37a2af88a0307ef88d9a
97042727129,32577835213,ci-core,onnx-light main (windows-latest),completed,success,2026-08-22T14:09:12Z,2026-08-22T14:13:17Z,245,e1d0aeea11c1fe7a2b43daa9bb5a3c04189a4a3f
97043094303,32577825238,ci-core,onnx-light main (windows-latest),completed,success,2026-08-22T14:12:17Z,2026-08-22T14:19:51Z,454,7b4a453c7af3c78fcd97b7b6efdaf9fdbbd30d74
97042417598,32577727929,ci-core,onnx-light main (windows-latest),completed,cancelled,2026-08-22T14:06:56Z,2026-08-22T14:09:01Z,125,d4d10ed6bf138098c8621b05d54644343c1fe461
97042000683,32577562187,ci-core,onnx-light main (windows-latest),completed,success,2026-08-22T14:03:14Z,2026-08-22T14:07:35Z,261,dea8ff4b0a527aaccde20d6c6ed6c739568a6ea3
97042388156,32577291710,ci-core,onnx-light main (windows-latest),completed,success,2026-08-22T14:06:22Z,2026-08-22T14:12:41Z,379,c8ac01ecbf0bbd8825559b65d05f2505c6526f94
97041365055,32576856551,ci-core,onnx-light main (windows-latest),completed,success,2026-08-22T13:57:54Z,2026-08-22T14:02:36Z,282,d8aad2552c0911b23085da809cf5d680a3e562a6
97040306272,32576840550,ci-core,onnx-light main (windows-latest),completed,success,2026-08-22T13:48:31Z,2026-08-22T13:53:29Z,298,7f1c69b92b5bfce72d8ea8452799439e3f31d49d
97039508459,32576496478,ci-core,onnx-light main (windows-latest),completed,success,2026-08-22T13:41:38Z,2026-08-22T13:46:24Z,286,fbe9fe795e28ce4d7881b182a753dfee99f506bc
97033817868,32574100503,ci-core,onnx-light main (windows-latest),completed,success,2026-08-22T12:51:13Z,2026-08-22T12:56:16Z,303,0c79298731fe12c856675e2d4b065d2d016f11cf
97033753813,32574087842,ci-core,onnx-light main (windows-latest),completed,cancelled,2026-08-22T12:50:38Z,2026-08-22T12:51:00Z,22,df59ce831cf181bece78dfe1c48f56fdf1c79c02
97033222417,32573791832,ci-core,onnx-light main (windows-latest),completed,success,2026-08-22T12:45:47Z,2026-08-22T12:50:34Z,287,1de25939622297b62d2ffac1c6534246088880dc
97032849921,32573712804,ci-core,onnx-light main (windows-latest),completed,success,2026-08-22T12:42:25Z,2026-08-22T12:47:36Z,311,ab6d93f89eef3d97e8cf55b534e06e2b538d440c
97032204647,32572885454,ci-core,onnx-light main (windows-latest),completed,success,2026-08-22T12:36:23Z,2026-08-22T12:41:00Z,277,11ed64b8103d2d43c1816b26d1b719e855278f95
97030546127,32572746379,ci-core,onnx-light main (windows-latest),completed,success,2026-08-22T12:21:02Z,2026-08-22T12:25:02Z,240,7896ed459d7e33f6dba7183181af78e9aa309904
97026073569,32570889038,ci-core,onnx-light main (windows-latest),completed,success,2026-08-22T11:39:52Z,2026-08-22T11:45:08Z,316,b9dd41aa8636756f68a8d4fe3cb57e731fa55266
97025897782,32569170711,ci-core,onnx-light main (windows-latest),completed,success,2026-08-22T11:38:12Z,2026-08-22T11:44:16Z,364,14d4ce4ae902c0d60ae908a3183ae19251d7915d
97019938192,32568237569,ci-core,onnx-light main (windows-latest),completed,success,2026-08-22T10:41:13Z,2026-08-22T10:46:12Z,299,d7db22b4ba3a7325988fd80e251dfc9a4a78c12e
97019787112,32568192189,ci-core,onnx-light main (windows-latest),completed,cancelled,2026-08-22T10:39:51Z,2026-08-22T10:41:04Z,73,792df1ad638be7d8be736ce46c028bca60573de1
97017845755,32567365572,ci-core,onnx-light main (windows-latest),completed,success,2026-08-22T10:20:51Z,2026-08-22T10:26:10Z,319,54481d2b2fc9f83761570effa3470473a4881602
97017403660,32567181910,ci-core,onnx-light main (windows-latest),completed,success,2026-08-22T10:16:28Z,2026-08-22T10:20:44Z,256,316a2bbf9db12017c94cd512be95eb988c124146
97016413216,32566766163,ci-core,onnx-light main (windows-latest),completed,success,2026-08-22T10:07:08Z,2026-08-22T10:11:46Z,278,d7565f2fc7688c80d8b74273a24d047da56318f1
97015780312,32566333147,ci-core,onnx-light main (windows-latest),completed,success,2026-08-22T10:01:22Z,2026-08-22T10:06:23Z,301,f567f03c0e039fd70e3ec85aa50baa94e759624b
97014812194,32566088996,ci-core,onnx-light main (windows-latest),completed,success,2026-08-22T09:52:07Z,2026-08-22T09:56:32Z,265,bae90dccc3ace366f5b16c64b67a76fee5293395
97014275878,32565822580,ci-core,onnx-light main (windows-latest),completed,success,2026-08-22T09:46:53Z,2026-08-22T09:51:53Z,300,8e990710fd4a9ba18d2e27b2c8d8228ee1c151fd
97012863377,32565256982,ci-core,onnx-light main (windows-latest),completed,success,2026-08-22T09:33:24Z,2026-08-22T09:45:47Z,743,752ee469da2251c3f56c627138ce99064e083a4f
97010904275,32564198512,ci-core,onnx-light main (windows-latest),completed,success,2026-08-22T09:20:43Z,2026-08-22T09:31:41Z,658,70632bd8680b41cd4ee8a6167a0f8ec940b57036
97708036272,32817290301,ci-core,onnx-light main (windows-latest),completed,success,2026-08-25T06:30:48Z,2026-08-25T06:37:33Z,405,4bde7fbfdac33cbe1de7e57b5169a5b153e7736a
97706785771,32816856035,ci-core,onnx-light main (windows-latest),completed,success,2026-08-25T06:24:52Z,2026-08-25T06:31:02Z,370,f05d8da71d2af8039018e93d2d7601af1fa10e70
97536991154,32760202022,ci-core,onnx-light main (windows-latest),completed,success,2026-08-24T18:03:32Z,2026-08-24T18:10:06Z,394,8920f23afcb6956d1cc555c0e6a3c7948d21e2e2
97527201375,32757144346,ci-core,onnx-light main (windows-latest),completed,success,2026-08-24T17:31:59Z,2026-08-24T17:38:13Z,374,5705a4914cbdc49ac2ec44f954eb5af4aa62f2f6
97525875592,32756025873,ci-core,onnx-light main (windows-latest),completed,success,2026-08-24T17:27:28Z,2026-08-24T17:33:49Z,381,e90543d1a3ecd18f73aca9f4f046d86d2bf0eb2f
97523568356,32755997515,ci-core,onnx-light main (windows-latest),completed,success,2026-08-24T17:19:55Z,2026-08-24T17:26:36Z,401,19bf3ac2b5288ea3eb993b48076df82cb476fe8f
97516409142,32753740646,ci-core,onnx-light main (windows-latest),completed,success,2026-08-24T16:56:36Z,2026-08-24T17:03:32Z,416,b852b8400ed3ed5825599ec9109bfebf530c84fe
97515405336,32753420811,ci-core,onnx-light main (windows-latest),completed,success,2026-08-24T16:53:19Z,2026-08-24T17:02:41Z,562,f43db528f643d00bf176e7c6d2edfc27112768ab
97509228562,32751408367,ci-core,onnx-light main (windows-latest),completed,success,2026-08-24T16:33:12Z,2026-08-24T16:39:39Z,387,fdd960db658f2f8ecfb20f706683bfd017ce6152
97506255965,32750560000,ci-core,onnx-light main (windows-latest),completed,success,2026-08-24T16:23:36Z,2026-08-24T16:30:00Z,384,fb5777b6be6f6e4eb5b6851c1ab43aeb1a1b16c9
97503566970,32749330395,ci-core,onnx-light main (windows-latest),completed,success,2026-08-24T16:15:04Z,2026-08-24T16:21:52Z,408,2067676e0017762f502cce46c0e6052d9181fef7
97500583700,32748207267,ci-core,onnx-light main (windows-latest),completed,success,2026-08-24T16:05:50Z,2026-08-24T16:11:38Z,348,a3fafd30c0814671c1decce94c62f8d3d72a2b78
97495771061,32747298076,ci-core,onnx-light main (windows-latest),completed,failure,2026-08-24T15:50:28Z,2026-08-24T15:57:51Z,443,2d85f9523cfac6ebfd343522a53509ef2c59bd4c
97483971627,32743691115,ci-core,onnx-light main (windows-latest),completed,success,2026-08-24T15:15:00Z,2026-08-24T15:20:56Z,356,4513a834f20197ececa5b0118c5f5826efe213fa
97479663126,32740542615,ci-core,onnx-light main (windows-latest),completed,success,2026-08-24T15:02:10Z,2026-08-24T15:07:51Z,341,559ad6c02da61efc82d1df8650119de182d95cde
97472916071,32740292458,ci-core,onnx-light main (windows-latest),completed,failure,2026-08-24T14:42:00Z,2026-08-24T14:48:00Z,360,9fc81c1395ae927b0ee8972c00fe4ffb0d1b83b1
97471465466,32739865476,ci-core,onnx-light main (windows-latest),completed,cancelled,2026-08-24T14:37:39Z,2026-08-24T14:41:56Z,257,026f7fce8b0c67b7411e9bcd7935fc3de446a3d0
97469007255,32739091004,ci-core,onnx-light main (windows-latest),completed,success,2026-08-24T14:30:24Z,2026-08-24T14:36:16Z,352,49fdd396415c74f042e8c52d6b4d8e40ed9a28b1
97462668946,32737139847,ci-core,onnx-light main (windows-latest),completed,failure,2026-08-24T14:11:38Z,2026-08-24T14:16:46Z,308,7b613a4b9b3450247fe2345387970f1505dab22e
97459936136,32736299398,ci-core,onnx-light main (windows-latest),completed,success,2026-08-24T14:03:28Z,2026-08-24T14:21:20Z,1072,313b773c73065f6138217d856d8006a76e6f99e5
97458868941,32735986356,ci-core,onnx-light main (windows-latest),completed,cancelled,2026-08-24T14:00:19Z,2026-08-24T14:11:33Z,674,dad0ea5a8cbcdb03ec07cfc5b7ef4096ae7c9e14
97455461898,32734669080,ci-core,onnx-light main (windows-latest),completed,success,2026-08-24T13:49:33Z,2026-08-24T14:02:08Z,755,64989d41934dbf0ec4b80a0cd83fa143e42e649f
97455563870,32734544159,ci-core,onnx-light main (windows-latest),completed,success,2026-08-24T13:50:12Z,2026-08-24T14:15:20Z,1508,1e85d43757d8b635547b0c1a05a29c4c3e08f618
97453860904,32734389460,ci-core,onnx-light main (windows-latest),completed,cancelled,2026-08-24T13:44:23Z,2026-08-24T14:00:15Z,952,8dcd0cd46c2d18ef7b08514acb2e0762596bfe30
97452042613,32733830506,ci-core,onnx-light main (windows-latest),completed,cancelled,2026-08-24T13:38:24Z,2026-08-24T13:43:54Z,330,0e385ffa5872382ff17ec9688578cb5affc183f3
97450474079,32733321190,ci-core,onnx-light main (windows-latest),completed,cancelled,2026-08-24T13:33:23Z,2026-08-24T13:38:10Z,287,0552eda2ba579ce6317fa92b9695ebb09bd29701
97449185989,32732971087,ci-core,onnx-light main (windows-latest),completed,cancelled,2026-08-24T13:29:20Z,2026-08-24T14:03:25Z,2045,3341645911dc222222e1639c4192a16e14d6436b
97446466607,32732065289,ci-core,onnx-light main (windows-latest),completed,cancelled,2026-08-24T13:20:38Z,2026-08-24T13:33:04Z,746,cdf802c473ce43c6139078e17aac80f73c5a0eb0
97445967021,32731718140,ci-core,onnx-light main (windows-latest),completed,success,2026-08-24T13:19:10Z,2026-08-24T13:26:04Z,414,e3dece08473b1f4a03042a4cafe656f893698e8c
97443116493,32731043431,ci-core,onnx-light main (windows-latest),completed,cancelled,2026-08-24T13:09:42Z,2026-08-24T13:20:15Z,633,278e69b77164fe79e6f41efbd459f80c4f5d1f4e
97444477677,32730993584,ci-core,onnx-light main (windows-latest),completed,cancelled,2026-08-24T13:14:10Z,2026-08-24T13:49:29Z,2119,6fc820296c6b1b98f3be0aa2c2e14974d3b2813c
97441043310,32730088754,ci-core,onnx-light main (windows-latest),completed,failure,2026-08-24T13:02:43Z,2026-08-24T13:15:08Z,745,bd207814c65e030d2b3a89da2e5f63f0d580636b
97437254754,32726702799,ci-core,onnx-light main (windows-latest),completed,cancelled,2026-08-24T12:49:38Z,2026-08-24T13:02:40Z,782,1b390355c1643962de86c51a0434546409905748
97429050888,32726519142,ci-core,onnx-light main (windows-latest),completed,cancelled,2026-08-24T12:20:18Z,2026-08-24T12:49:34Z,1756,43c7899611d73c3ed41f82e89dd57e88e62a6379
97424114851,32724977661,ci-core,onnx-light main (windows-latest),completed,success,2026-08-24T12:02:43Z,2026-08-24T12:09:47Z,424,9093aa58195c7d35ca0127a0d79c5ac1ac0dcb9d
97423379676,32724586886,ci-core,onnx-light main (windows-latest),completed,failure,2026-08-24T11:59:59Z,2026-08-24T12:05:35Z,336,2b538436a2f4c08ff21ecf463fa373b5b5ea18d9
97422193054,32724342269,ci-core,onnx-light main (windows-latest),completed,success,2026-08-24T11:55:25Z,2026-08-24T12:01:53Z,388,edcbacded782c263ee29591202dbd18910405767
97419943180,32723585022,ci-core,onnx-light main (windows-latest),completed,failure,2026-08-24T11:46:36Z,2026-08-24T11:52:03Z,327,1a642cf055e206a0d39b30799c4c698f2b49ce10
97417587525,32722795405,ci-core,onnx-light main (windows-latest),completed,failure,2026-08-24T11:37:26Z,2026-08-24T11:42:50Z,324,01bb322faea0af79efdbec0266dd777b5fb8ed12
97411327185,32720709356,ci-core,onnx-light main (windows-latest),completed,failure,2026-08-24T11:12:59Z,2026-08-24T11:17:38Z,279,bbc8ad5651f1e5203acbddbf5f6c11e577aa6792
97409284009,32720033660,ci-core,onnx-light main (windows-latest),completed,failure,2026-08-24T11:05:11Z,2026-08-24T11:11:34Z,383,dda8ef2c441b409603e1b8c5e4aac91bedf77b14
97407747153,32719518558,ci-core,onnx-light main (windows-latest),completed,failure,2026-08-24T10:59:09Z,2026-08-24T11:03:41Z,272,0bb6518d6365a30e32739875e9339d2512decd66
97410209080,32719270238,ci-core,onnx-light main (windows-latest),completed,failure,2026-08-24T11:08:48Z,2026-08-24T11:14:27Z,339,21c2d213045eedda25009fba500180e8c8babbb4
97404775155,32718498666,ci-core,onnx-light main (windows-latest),completed,failure,2026-08-24T10:47:05Z,2026-08-24T10:52:41Z,336,0d464fd4a1775eef1dcc0fdcdbae5013a74ed4f1
97403574184,32718108080,ci-core,onnx-light main (windows-latest),completed,cancelled,2026-08-24T10:42:17Z,2026-08-24T10:47:02Z,285,da050bed50be606b8948e5e5d751dd690872448d
97402948814,32717851015,ci-core,onnx-light main (windows-latest),completed,failure,2026-08-24T10:40:23Z,2026-08-24T10:46:37Z,374,8a1114fdc5f7afdd3ca23ad6ee2001851232279e
97402729878,32717774845,ci-core,onnx-light main (windows-latest),completed,cancelled,2026-08-24T10:38:51Z,2026-08-24T10:39:27Z,36,ac80fcbaad273a3fb036bf737cc7d086d028f4ca
97401621235,32717452341,ci-core,onnx-light main (windows-latest),completed,failure,2026-08-24T10:35:04Z,2026-08-24T10:41:23Z,379,1dce4768c967bacf8cc071318138cbcea0fe7f8c
97401495135,32717410921,ci-core,onnx-light main (windows-latest),completed,success,2026-08-24T10:34:04Z,2026-08-24T10:39:51Z,347,20a06afa09415b19238d04c0f1e5b12262b17a0e
97397114080,32715804369,ci-core,onnx-light main (windows-latest),completed,failure,2026-08-24T10:16:49Z,2026-08-24T10:22:03Z,314,aab1a71cafa411f1f1eb96902f263bf4de2c5d07
97396557190,32715774590,ci-core,onnx-light main (windows-latest),completed,success,2026-08-24T10:14:32Z,2026-08-24T10:21:31Z,419,0379bc12dae21c7f41065e7e371636135057bb55
97394892739,32715182147,ci-core,onnx-light main (windows-latest),completed,success,2026-08-24T10:08:13Z,2026-08-24T10:13:27Z,314,e72b26503e718ccb609e3607a4f663d494faaecc
97394154153,32714972113,ci-core,onnx-light main (windows-latest),completed,cancelled,2026-08-24T10:05:23Z,2026-08-24T10:07:57Z,154,6e9436ca579ec4f912294f48db7caf33b44832ac
97391955208,32714225724,ci-core,onnx-light main (windows-latest),completed,success,2026-08-24T09:59:31Z,2026-08-24T10:04:40Z,309,c8c20b360d275e2c6966923dff08a120a92fa9f2
97399936371,32714126724,ci-core,onnx-light main (windows-latest),completed,failure,2026-08-24T10:27:42Z,2026-08-24T10:33:06Z,324,39a651a8a652c57b5fc53c08218da82c31181806
97400828646,32713304484,ci-core,onnx-light main (windows-latest),completed,failure,2026-08-24T10:31:13Z,2026-08-24T10:37:43Z,390,36125f6e7201d51016f8469fa03c44bedb50a7ba
97385735273,32712173850,ci-core,onnx-light main (windows-latest),completed,success,2026-08-24T09:38:50Z,2026-08-24T09:49:21Z,631,37a4ad15807279ff888adade761ee870471f728e
97385793866,32711687441,ci-core,onnx-light main (windows-latest),completed,success,2026-08-24T09:39:12Z,2026-08-24T09:48:34Z,562,87cddf9347fedcc162e1f7c9446005fd44182622
97381223020,32710687394,ci-core,onnx-light main (windows-latest),completed,success,2026-08-24T09:26:13Z,2026-08-24T09:31:05Z,292,b85827e10be072b4c6d81e3424200dd160d11178
97394298265,32710624905,ci-core,onnx-light main (windows-latest),completed,success,2026-08-24T10:06:32Z,2026-08-24T10:13:22Z,410,2f520c62bdf255c44bf5cbf5a42ff240373239e1
97381279902,32710499802,ci-core,onnx-light main (windows-latest),completed,success,2026-08-24T09:22:51Z,2026-08-24T09:27:30Z,279,7e983fbf8a9aaeea79e0d38d638251615703e04f
97378145292,32708605221,ci-core,onnx-light main (windows-latest),completed,success,2026-08-24T09:07:37Z,2026-08-24T09:13:16Z,339,77dbab32f68242ba8461b38f787b264cf493b5ca
97374318066,32707870989,ci-core,onnx-light main (windows-latest),completed,success,2026-08-24T08:52:31Z,2026-08-24T08:57:32Z,301,ba65e0ec6ddf9800c83794e7a31ca44cc8213395
97371550058,32707477054,ci-core,onnx-light main (windows-latest),completed,success,2026-08-24T08:40:15Z,2026-08-24T08:45:52Z,337,4fc914b545d2a4002cadfd2e09936958db8dffa0
97367679736,32706180591,ci-core,onnx-light main (windows-latest),completed,success,2026-08-24T08:24:54Z,2026-08-24T08:30:26Z,332,96af22676fa5fa1eb7be2b0cc0b2efc898c3263f
97387787374,32703816234,ci-core,onnx-light main (windows-latest),completed,failure,2026-08-24T09:46:10Z,2026-08-24T09:50:41Z,271,7d52a223a9f000976a4f82752e5d4070033b18e9
97387788101,32703706226,ci-core,onnx-light main (windows-latest),completed,cancelled,2026-08-24T09:51:22Z,2026-08-24T09:55:56Z,274,a569d2dc0f0c523f6cf44816ba6cbcb825528511
97356898740,32702554238,ci-core,onnx-light main (windows-latest),completed,success,2026-08-24T07:40:29Z,2026-08-24T07:45:24Z,295,4f1ae0195d2e99061fc3fa97b76fba15d7383dc2
97355024294,32701911639,ci-core,onnx-light main (windows-latest),completed,success,2026-08-24T07:31:59Z,2026-08-24T07:38:12Z,373,9a7871822991ae2f44714f4993e390b0efd26ec6
97355229614,32701423354,ci-core,onnx-light main (windows-latest),completed,success,2026-08-24T07:33:39Z,2026-08-24T07:39:51Z,372,843621f75cb0b59a8fbb98f845bb06f6321894dd
97353498457,32701155869,ci-core,onnx-light main (windows-latest),completed,success,2026-08-24T07:25:10Z,2026-08-24T07:30:13Z,303,5fb836c4d5d3565cfb9964cd206a9a0919124a64
97351021329,32700554216,ci-core,onnx-light main (windows-latest),completed,success,2026-08-24T07:13:30Z,2026-08-24T07:19:54Z,384,9a08ce7fbdd601bb4f4cd96273449075f166ba71
97349312459,32699957790,ci-core,onnx-light main (windows-latest),completed,success,2026-08-24T07:05:13Z,2026-08-24T07:12:26Z,433,9ce4894aedb415d3881f66fc876f6b0da2cd5a6c
97349489975,32699730710,ci-core,onnx-light main (windows-latest),completed,success,2026-08-24T07:06:17Z,2026-08-24T07:13:01Z,404,dafcc136f0f22047b3555f0e3fc66c469f66cba9
97347543197,32699346010,ci-core,onnx-light main (windows-latest),completed,success,2026-08-24T06:56:14Z,2026-08-24T07:00:52Z,278,d6dd235eaa708ca27c6bd1d91323ffdd4a5da271
97346762854,32699048716,ci-core,onnx-light main (windows-latest),completed,success,2026-08-24T06:52:13Z,2026-08-24T06:57:23Z,310,5a95b67da8afe5da67390d9e0b5f85779aa23178
97345084104,32698476110,ci-core,onnx-light main (windows-latest),completed,success,2026-08-24T06:43:26Z,2026-08-24T06:52:10Z,524,6be639c968ac77f14c130188738be32770b2469e
97345164632,32698031756,ci-core,onnx-light main (windows-latest),completed,failure,2026-08-24T06:44:12Z,2026-08-24T06:51:27Z,435,62bd26ce3e2959a6ba7dd008eb80d8ecb84da815
97345234265,32698002965,ci-core,onnx-light main (windows-latest),completed,success,2026-08-24T06:46:21Z,2026-08-24T06:52:51Z,390,872fd3faaa1d163ae44a1aa34110a75d260cd0d2
97342791303,32697672277,ci-core,onnx-light main (windows-latest),completed,success,2026-08-24T06:31:21Z,2026-08-24T06:38:17Z,416,769fa049ae9bf7b7cd73db3ac6cc7cd7203ad98a
97342953563,32697043753,ci-core,onnx-light main (windows-latest),completed,success,2026-08-24T06:32:12Z,2026-08-24T06:38:41Z,389,0bee40a954cd3994de55b821fff25be267684b5e
97340992889,32696101941,ci-core,onnx-light main (windows-latest),completed,success,2026-08-24T06:22:12Z,2026-08-24T06:28:05Z,353,73327a6112d99bc5c1bc4d91781b2b8153b67b47
97337304512,32695719045,ci-core,onnx-light main (windows-latest),completed,success,2026-08-24T06:02:59Z,2026-08-24T06:08:57Z,358,b66b1ad13feb18bb4ccee9bb411598747eb47074
99470830380,33386673531,ci-core,onnx-light main (windows-latest),completed,success,2026-08-31T11:23:08Z,2026-08-31T11:33:30Z,622,1b39b850ee06b7cc598b37d098f3136e7db809b2
99470638529,33386638607,ci-core,onnx-light main (windows-latest),completed,cancelled,2026-08-31T11:22:16Z,2026-08-31T11:22:53Z,37,681f70664e02e4691b07a2df5c46e1c6a7e31620
99470609291,33386629216,ci-core,onnx-light main (windows-latest),completed,success,2026-08-31T11:22:10Z,2026-08-31T11:31:34Z,564,e03f11407486e2f0d8bf1b01c3f7d2ec4e8e2e8c
99514482901,33400215359,ci-core,onnx-light main (windows-latest),completed,success,2026-08-31T14:01:44Z,2026-08-31T14:12:08Z,624,444e7748487d8af03bcfd6bc86ce78d2841fd966
99501190832,33396198953,ci-core,onnx-light main (windows-latest),completed,cancelled,2026-08-31T13:18:12Z,2026-08-31T14:01:42Z,2610,fc97089e7b46989ca3fb4c05275238221b5c3350
99494282669,33394070413,ci-core,onnx-light main (windows-latest),completed,success,2026-08-31T12:54:11Z,2026-08-31T13:39:02Z,2691,d9ac42be2e35ffb051c7c16c5f265f6fedd56b75
99478919398,33389286281,ci-core,onnx-light main (windows-latest),completed,success,2026-08-31T12:17:32Z,2026-08-31T13:06:04Z,2912,1100bb7f8c8d1f05098ce99b0e805514f0ae1e2a
100424930556,33683371507,ci-core,onnx-light main (windows-latest),completed,success,2026-09-02T21:07:48Z,2026-09-02T21:15:51Z,483,e332b62638993217f89f97900d8fed122664367a
100417646066,33681113011,ci-core,onnx-light main (windows-latest),completed,success,2026-09-02T20:44:58Z,2026-09-02T20:53:03Z,485,11f60bff3c7ef4bbcf777d58ebbbabbd35160075
100413634462,33679889097,ci-core,onnx-light main (windows-latest),completed,success,2026-09-02T20:32:33Z,2026-09-02T20:40:06Z,453,1df7622aaabe95d000c0232a9620263cfb22faa3
100409700640,33678695000,ci-core,onnx-light main (windows-latest),completed,success,2026-09-02T20:20:37Z,2026-09-02T20:28:52Z,495,da1a70126fb221e3ab614bfd5f6588f7ce2905fa
100409394204,33678600971,ci-core,onnx-light main (windows-latest),completed,success,2026-09-02T20:19:40Z,2026-09-02T20:28:29Z,529,7276c05e41007d7c9ff255ab6e28a32d4852e5e1
100406037752,33677584659,ci-core,onnx-light main (windows-latest),completed,success,2026-09-02T20:09:22Z,2026-09-02T20:16:09Z,407,949ee1e8adcbd3db06e84bd64bed0ee0ceba3fd4
100405354761,33677378278,ci-core,onnx-light main (windows-latest),completed,success,2026-09-02T20:07:17Z,2026-09-02T20:16:52Z,575,ba5bc2897d1a91405777550af972ca3e784cf163
100396628166,33674751733,ci-core,onnx-light main (windows-latest),completed,success,2026-09-02T19:40:51Z,2026-09-02T19:48:10Z,439,37b11e56d632d9a8eff33d7153b16a651cbc9a0d
100384795129,33671148649,ci-core,onnx-light main (windows-latest),completed,success,2026-09-02T19:05:05Z,2026-09-02T19:13:09Z,484,9a43b393f302eb01baf19dcbb56ee6432bedd7df
100352423312,33661366634,ci-core,onnx-light main (windows-latest),completed,success,2026-09-02T17:29:21Z,2026-09-02T17:37:25Z,484,8acd80ea1bac4f57233c15e80e5e4880e8d7ace5
100350693872,33660482983,ci-core,onnx-light main (windows-latest),completed,success,2026-09-02T17:24:24Z,2026-09-02T17:31:30Z,426,a5fc5705dabfd11535cafe4f2bfe95a6a34c2f45
100348046096,33660037935,ci-core,onnx-light main (windows-latest),completed,failure,2026-09-02T17:16:25Z,2026-09-02T17:23:48Z,443,d5f24a58473d1faeabf1721c73d5fa1ad186219e
100343477782,33658661267,ci-core,onnx-light main (windows-latest),completed,failure,2026-09-02T17:03:03Z,2026-09-02T17:10:20Z,437,f5d891a33f71fdc0d34383f814e3972b596d030d
100327248722,33653825273,ci-core,onnx-light main (windows-latest),completed,success,2026-09-02T16:15:51Z,2026-09-02T16:24:02Z,491,d5a1c5e5bb4b2fad5654ac95345ad543bf726135
100215023417,33620137335,ci-core,onnx-light main (windows-latest),completed,success,2026-09-02T10:34:13Z,2026-09-02T10:42:34Z,501,f1b22b1082de8201e39701437a741047d4519952
100208353195,33618031177,ci-core,onnx-light main (windows-latest),completed,success,2026-09-02T10:10:20Z,2026-09-02T10:18:01Z,461,856a92f79fc4083549a554b3b1907290a7c9aece
100206191332,33617361110,ci-core,onnx-light main (windows-latest),completed,cancelled,2026-09-02T10:02:29Z,2026-09-02T10:10:05Z,456,a68838383e2c73cd67759deb17c891f319fc7312
100198359913,33614900463,ci-core,onnx-light main (windows-latest),completed,success,2026-09-02T09:35:05Z,2026-09-02T09:43:04Z,479,1c047b83e42887c79f39a22422889d0a84623609
100195401284,33613965016,ci-core,onnx-light main (windows-latest),completed,success,2026-09-02T09:25:03Z,2026-09-02T09:32:44Z,461,8868291d592e167b1e8a512117b385af0fcd3d60
100191493355,33612744809,ci-core,onnx-light main (windows-latest),completed,success,2026-09-02T09:11:42Z,2026-09-02T09:19:54Z,492,55474d411790b81b0a61a822e7a615170256e65e
100187045670,33611369337,ci-core,onnx-light main (windows-latest),completed,success,2026-09-02T08:56:18Z,2026-09-02T09:04:56Z,518,27a41db4817d730f6242a76bcac6022d7e9dd61c
100184352215,33609675720,ci-core,onnx-light main (windows-latest),completed,success,2026-09-02T08:46:52Z,2026-09-02T08:54:07Z,435,4ddb1a2932c81cca081f70f4ff6f8804a553efd7
100174153449,33605841847,ci-core,onnx-light main (windows-latest),completed,failure,2026-09-02T08:10:32Z,2026-09-02T08:17:48Z,436,2654fbbc2a008c0aab25b3c668ac12add646d147
100168899647,33605654182,ci-core,onnx-light main (windows-latest),completed,success,2026-09-02T07:51:12Z,2026-09-02T07:59:04Z,472,316c3d2cd2a6c30c6e9554df8e391b480b6e2403
100166148543,33604771290,ci-core,onnx-light main (windows-latest),completed,success,2026-09-02T07:40:47Z,2026-09-02T07:48:11Z,444,5e32b3440a4ec35aa049c62ad9ce626e60e37f26
100165181482,33604424168,ci-core,onnx-light main (windows-latest),completed,success,2026-09-02T07:37:00Z,2026-09-02T07:43:29Z,389,c16e5497eefef89bc440e39d43f5acf8503d974c
100164708607,33604309797,ci-core,onnx-light main (windows-latest),completed,cancelled,2026-09-02T07:35:12Z,2026-09-02T07:36:30Z,78,56e4ade47b3b7be38539ed82ba5c7cf00ad9df9f
100159843289,33602734705,ci-core,onnx-light main (windows-latest),completed,success,2026-09-02T07:16:20Z,2026-09-02T07:24:22Z,482,68bd54c26c4ac38a651377d501741174bd116be1
100158900005,33602426837,ci-core,onnx-light main (windows-latest),completed,success,2026-09-02T07:12:46Z,2026-09-02T07:21:00Z,494,ac4cd9656b2b734d5ea833d30c3fb87d45646c08
100157460779,33601946854,ci-core,onnx-light main (windows-latest),completed,success,2026-09-02T07:07:14Z,2026-09-02T07:20:46Z,812,3afabf88c6290ed98e915e6e4fadf18bf44dc9fb
100157292530,33601921436,ci-core,onnx-light main (windows-latest),completed,cancelled,2026-09-02T07:06:11Z,2026-09-02T07:06:47Z,36,0c808f5d0560c425631514076603702d6f62eb2a
100158179781,33600918414,ci-core,onnx-light main (windows-latest),completed,success,2026-09-02T06:53:38Z,2026-09-02T07:00:44Z,426,44c1253ba4f3b36c6ff5e5054a3cb0080ca8dfe2
100157345119,33600555280,ci-core,onnx-light main (windows-latest),completed,failure,2026-09-02T07:06:24Z,2026-09-02T07:16:29Z,605,5febe46f60cd047996024ac3ef32ebeeb6579677
100157321847,33600294325,ci-core,onnx-light main (windows-latest),completed,success,2026-09-02T07:06:20Z,2026-09-02T07:19:01Z,761,16df02c41beecd5ffb425f1dc894c9a31f96da76
100151698391,33600105254,ci-core,onnx-light main (windows-latest),completed,success,2026-09-02T06:43:24Z,2026-09-02T06:50:59Z,455,003bf9b5410b575707382eb97e1b5e024d572635
100151379898,33599767852,ci-core,onnx-light main (windows-latest),completed,success,2026-09-02T06:41:47Z,2026-09-02T06:49:16Z,449,9de2b567855b1c190d4713b3ca71a2c66f16cc2e
100149536007,33599400272,ci-core,onnx-light main (windows-latest),completed,success,2026-09-02T06:33:54Z,2026-09-02T06:41:07Z,433,e8161adab94e2d6bd0378f8c01a65633c869840a
100146918559,33598535591,ci-core,onnx-light main (windows-latest),completed,success,2026-09-02T06:23:20Z,2026-09-02T06:31:42Z,502,b26c6e54816d386cacfd76a274f6af5807a04c30
100146808779,33598498357,ci-core,onnx-light main (windows-latest),completed,success,2026-09-02T06:21:47Z,2026-09-02T06:30:34Z,527,52f08ce86d050f6a5c5dfe71f8e7dca57e0c41d5
100144213292,33597636803,ci-core,onnx-light main (windows-latest),completed,success,2026-09-02T06:09:27Z,2026-09-02T06:17:26Z,479,00a6aa81d35b29200645cbfc1eb010a688c83be3
99957321332,33538111388,ci-core,onnx-light main (windows-latest),completed,success,2026-09-01T17:29:57Z,2026-09-01T17:37:38Z,461,cb45c239d599d30a5c603ef6bbf1e5ffe8b29239
99949163645,33535641354,ci-core,onnx-light main (windows-latest),completed,success,2026-09-01T17:04:51Z,2026-09-01T17:12:02Z,431,d1c7fdf4b10dec5a36256551a34577b732b641ab
99937766747,33532184492,ci-core,onnx-light main (windows-latest),completed,success,2026-09-01T16:30:30Z,2026-09-01T16:38:32Z,482,b101bbc513900c36de1a286b66bfdd7ec23da96a
99929555690,33529736195,ci-core,onnx-light main (windows-latest),completed,success,2026-09-01T16:05:46Z,2026-09-01T16:13:20Z,454,705a2fc142e5febbebfd3e4dca1a8a6c5d764bf8
99927042265,33528999425,ci-core,onnx-light main (windows-latest),completed,success,2026-09-01T15:58:21Z,2026-09-01T16:05:28Z,427,3f79c9a25002045faa5abb930ca58fb928f2b834
99912176218,33524622850,ci-core,onnx-light main (windows-latest),completed,failure,2026-09-01T15:15:33Z,2026-09-01T15:23:39Z,486,42ffdc7088478fa8005a466e0b36f8c11a749b77
99891595224,33518531178,ci-core,onnx-light main (windows-latest),completed,success,2026-09-01T14:17:04Z,2026-09-01T14:25:32Z,508,f1d406052deed3b873ae905d4f3b4b85ba8d0012
99887656226,33517364218,ci-core,onnx-light main (windows-latest),completed,success,2026-09-01T14:05:39Z,2026-09-01T14:13:26Z,467,78c827fc2a695e5cc4c07b04723ca05ef67f17d0
99859589477,33508918877,ci-core,onnx-light main (windows-latest),completed,success,2026-09-01T12:40:11Z,2026-09-01T12:47:23Z,432,3b2adaf7684f804c22195a2bd995ab9200079f87
99846078173,33504764331,ci-core,onnx-light main (windows-latest),completed,success,2026-09-01T11:53:16Z,2026-09-01T12:02:16Z,540,86afee8c7c9acb6b16da679d19e00c9d1aeb8f2e
99845871481,33504700630,ci-core,onnx-light main (windows-latest),completed,success,2026-09-01T11:52:31Z,2026-09-01T12:02:54Z,623,ccc8de8476fcc604c5e597379e379a81375a9392
99838815525,33487288525,ci-core,onnx-light main (windows-latest),completed,success,2026-09-01T11:26:32Z,2026-09-01T11:35:14Z,522,1e388f5df1cc70a87106586c6d5daefcdddecbd2
99774715354,33481591786,ci-core,onnx-light main (windows-latest),completed,failure,2026-09-01T07:29:43Z,2026-09-01T07:37:31Z,468,5399c0be06a88871ef12669f944ad94e2afce3db
99752688887,33475131168,ci-core,onnx-light main (windows-latest),completed,success,2026-09-01T05:50:14Z,2026-09-01T05:55:10Z,296,93d5e928143c9d21e95e56b31022e7cd01ffde15
99586949865,33421789118,ci-core,onnx-light main (windows-latest),completed,success,2026-08-31T17:55:19Z,2026-08-31T18:03:02Z,463,e77e8a6abb91014d42f679f3fce5dc073b1e760b
99579080791,33419746002,ci-core,onnx-light main (windows-latest),completed,success,2026-08-31T17:28:55Z,2026-08-31T17:34:18Z,323,fea8c3e539c4682982e50fcbf4a55991f86971a1
99577999828,33419463503,ci-core,onnx-light main (windows-latest),completed,cancelled,2026-08-31T17:25:19Z,2026-08-31T17:28:45Z,206,0f4be0593887fffa47fbf6ddd3a5c86d170bff44
101677610836,34101747925,ci-core,onnx-light main (windows-latest),completed,success,2026-09-07T08:39:46Z,2026-09-07T08:48:14Z,508,730cfc019a78084cf94c4a85f6955ac289633297
101677376717,34101701035,ci-core,onnx-light main (windows-latest),completed,cancelled,2026-09-07T08:38:56Z,2026-09-07T08:39:34Z,38,86a467229363150af632ca4d9f77d5667fae4ea9
101668011245,34098685433,ci-core,onnx-light main (windows-latest),completed,success,2026-09-07T08:05:15Z,2026-09-07T08:13:26Z,491,4a61828de073a8f0b03482d6f5ced79eccfdc668
101667243320,34098462962,ci-core,onnx-light main (windows-latest),completed,success,2026-09-07T08:02:23Z,2026-09-07T08:10:36Z,493,d7447eb24734e38069f6afe1ff5da0f79010e9ab
101665772687,34097988925,ci-core,onnx-light main (windows-latest),completed,success,2026-09-07T07:56:41Z,2026-09-07T08:03:56Z,435,2e517f057e660f677f9da4508cae15d7b3cf328e
101657628513,34095333555,ci-core,onnx-light main (windows-latest),completed,success,2026-09-07T07:24:52Z,2026-09-07T07:34:29Z,577,8be4ae5a6f72d2254f58b2dc086ac4a4cf45b76a
101657551937,34095309121,ci-core,onnx-light main (windows-latest),completed,success,2026-09-07T07:24:28Z,2026-09-07T07:34:02Z,574,04b6a7f3f098a956e78473ae1e5198e8b05a22e9
101657001414,34095131585,ci-core,onnx-light main (windows-latest),completed,success,2026-09-07T07:22:49Z,2026-09-07T07:33:08Z,619,cbdb0485f1377e574226daf33242cdf41bad6580
101552801067,34057810091,ci-core,onnx-light main (windows-latest),completed,success,2026-09-06T20:22:58Z,2026-09-06T20:30:38Z,460,21d5714040d4cc9c7d3e13442fe02a3bddf53491
101550779031,34057062096,ci-core,onnx-light main (windows-latest),completed,failure,2026-09-06T20:08:41Z,2026-09-06T20:16:11Z,450,198b964d91bffd60bfbf7384662e24750849af50
101543066047,34054232594,ci-core,onnx-light main (windows-latest),completed,failure,2026-09-06T19:14:00Z,2026-09-06T19:21:35Z,455,3b721bc486b255e6f7da90690f8255afe40c7bfc
101517567054,34044701524,ci-core,onnx-light main (windows-latest),completed,success,2026-09-06T16:12:33Z,2026-09-06T16:20:14Z,461,292bfb8c7b2b31e8afbaf43302a71bab3a6fe306
101466846176,33970235700,ci-core,onnx-light main (windows-latest),completed,success,2026-09-06T09:55:07Z,2026-09-06T10:02:52Z,465,74d6f083b8bba47fb739903dbb432179a9e5412f
101316899787,33970076194,ci-core,onnx-light main (windows-latest),completed,success,2026-09-05T13:50:52Z,2026-09-05T13:56:29Z,337,f2d9c6c691b757a4ec8905baa1ab9fb3c2cabb26
101305130166,33965627705,ci-core,onnx-light main (windows-latest),completed,success,2026-09-05T12:17:40Z,2026-09-05T12:28:21Z,641,0c00f49705ae823dbc820c677955e85b09554ac4
101305270496,33958339908,ci-core,onnx-light main (windows-latest),completed,success,2026-09-05T12:20:37Z,2026-09-05T12:29:31Z,534,07d716b25a6c591d9b1f30de12ed23b2e5ce2bbe
101305221604,33958142660,ci-core,onnx-light main (windows-latest),completed,success,2026-09-05T12:18:26Z,2026-09-05T12:29:01Z,635,19e48c4ce998b92764d30f4f9cd56cb780ad0857
101284848484,33958049693,ci-core,onnx-light main (windows-latest),completed,success,2026-09-05T09:28:17Z,2026-09-05T09:36:04Z,467,e8599d6e0f49e72b7e5162cb2247da6101309916
101284761430,33958019054,ci-core,onnx-light main (windows-latest),completed,cancelled,2026-09-05T09:27:11Z,2026-09-05T09:27:39Z,28,cad25a61ee4d1b21dd310496261e77f9fc24862e
101284898890,33957219852,ci-core,onnx-light main (windows-latest),completed,success,2026-09-05T09:35:47Z,2026-09-05T09:42:17Z,390,eac0054af90f5c7a9bbd96a02194f2a1fbd9decb
101281861953,33956939929,ci-core,onnx-light main (windows-latest),completed,success,2026-09-05T09:04:03Z,2026-09-05T09:13:13Z,550,ce3f7f9d696dfb1adf463406f7759e6d1d82f113
101281684418,33956836595,ci-core,onnx-light main (windows-latest),completed,success,2026-09-05T09:02:38Z,2026-09-05T09:10:42Z,484,f8f6ef71369dda7f9d99c8309cbf1a2b1ce3747c
101280000718,33956183749,ci-core,onnx-light main (windows-latest),completed,success,2026-09-05T08:48:39Z,2026-09-05T09:01:58Z,799,5b1c6b18c8a8a6e758b2d37a8ba37b33af238c00
101280044302,33956107575,ci-core,onnx-light main (windows-latest),completed,failure,2026-09-05T08:53:57Z,2026-09-05T09:04:01Z,604,765cc86382ac638a5f4b3435094079029ee7442f
101279967416,33956101206,ci-core,onnx-light main (windows-latest),completed,success,2026-09-05T08:47:39Z,2026-09-05T09:01:30Z,831,87d49f6024d76bcb9bcae1d8f55ae1e29ca2f1e9
101280020281,33956060079,ci-core,onnx-light main (windows-latest),completed,success,2026-09-05T08:52:50Z,2026-09-05T09:01:21Z,511,2695b3cb0890dbab58b90140c689e4e8002c9274
101279979926,33956003330,ci-core,onnx-light main (windows-latest),completed,success,2026-09-05T08:47:46Z,2026-09-05T08:59:34Z,708,213a0dac5cb5d4fd3d5b0c60e95d4295ffc08bed
101278951662,33955851229,ci-core,onnx-light main (windows-latest),completed,success,2026-09-05T08:39:30Z,2026-09-05T08:49:20Z,590,ef3593669992f6d7a3d2e879652d68d9b2fb260c
101278898931,33955570155,ci-core,onnx-light main (windows-latest),completed,cancelled,2026-09-05T08:38:54Z,2026-09-05T08:47:34Z,520,39bc7a783d5dbb8f624738ff788693bdab2a917b
101279212406,33955339845,ci-core,onnx-light main (windows-latest),completed,success,2026-09-05T08:42:23Z,2026-09-05T08:52:35Z,612,5aade4ace91b7c4c0e9c72428ced9787467e0b46
101276279066,33954885883,ci-core,onnx-light main (windows-latest),completed,success,2026-09-05T08:18:09Z,2026-09-05T08:24:26Z,377,1d3e9480644a3f95d14213969d63da69ccd11a46
101275793510,33954692528,ci-core,onnx-light main (windows-latest),completed,success,2026-09-05T08:14:14Z,2026-09-05T08:27:04Z,770,804d1158f6fdfae1091fde863f60e4a8c4809f9a
101275521841,33954608490,ci-core,onnx-light main (windows-latest),completed,cancelled,2026-09-05T08:12:00Z,2026-09-05T08:13:52Z,112,f5b656c8fc60683c16d8ba02107af509a528c76e
101275194765,33954489451,ci-core,onnx-light main (windows-latest),completed,success,2026-09-05T08:09:25Z,2026-09-05T08:16:59Z,454,5abf461066eaeba12f70130b36e1d77c9701ba90
101273025156,33953678680,ci-core,onnx-light main (windows-latest),completed,success,2026-09-05T07:51:27Z,2026-09-05T08:00:53Z,566,5da776d727ce6ebc5254c72a77dfdfb74fcaf18e
101272634589,33953547821,ci-core,onnx-light main (windows-latest),completed,cancelled,2026-09-05T07:48:56Z,2026-09-05T07:51:21Z,145,41384688319537f6ae8408c453fa0b1dc15ee726
101272357415,33953058203,ci-core,onnx-light main (windows-latest),completed,success,2026-09-05T07:45:59Z,2026-09-05T07:59:14Z,795,d98bcfbecc2f78b9de3d1ee5b85dc082fcec2b1c
101272211431,33953050107,ci-core,onnx-light main (windows-latest),completed,success,2026-09-05T07:44:51Z,2026-09-05T07:57:50Z,779,78d4077450bc26d47ef716aedb5f3424e142f7c7
101046132731,33880025459,ci-core,onnx-light main (windows-latest),completed,success,2026-09-04T13:47:32Z,2026-09-04T13:55:06Z,454,7d4ee833d8c4373fc9a31104e447fd267bda3785
101014305828,33870268701,ci-core,onnx-light main (windows-latest),completed,success,2026-09-04T11:56:06Z,2026-09-04T12:08:04Z,718,f650edbe5f9b00407351bb4871d0df09aa9dbfdb
101014416321,33869602595,ci-core,onnx-light main (windows-latest),completed,success,2026-09-04T11:57:46Z,2026-09-04T12:07:06Z,560,5603f24e29d5c897e7e525b2a1efad152e370e77
101007497245,33866571395,ci-core,onnx-light main (windows-latest),completed,success,2026-09-04T11:28:32Z,2026-09-04T11:35:34Z,422,764c2f0e216e4c353336ea9b2091657bb56f0964
100996893009,33863761119,ci-core,onnx-light main (windows-latest),completed,failure,2026-09-04T10:45:37Z,2026-09-04T10:53:04Z,447,70d8d1e1794412bdeb4c3adfa448e14c9e5c3dea
100988739490,33862131695,ci-core,onnx-light main (windows-latest),completed,success,2026-09-04T10:12:50Z,2026-09-04T10:21:36Z,526,281a44143b3c79cabe24bf71b696f1098a8f6021
100980916175,33859639229,ci-core,onnx-light main (windows-latest),completed,success,2026-09-04T09:42:22Z,2026-09-04T09:49:54Z,452,3a8a33c1e4d497b9ac61ee367789ac86ba02c9ea
100978505832,33858897378,ci-core,onnx-light main (windows-latest),completed,cancelled,2026-09-04T09:33:07Z,2026-09-04T09:42:19Z,552,92edd94f727482030a1137ee1537c650d814bc59
100957592166,33849870026,ci-core,onnx-light main (windows-latest),completed,success,2026-09-04T08:12:10Z,2026-09-04T08:20:45Z,515,dce98c3e244fa6ee5fe1a927a65b15834c472fdf
100957639652,33848983754,ci-core,onnx-light main (windows-latest),completed,success,2026-09-04T08:13:50Z,2026-09-04T08:20:59Z,429,52cd4173d281fd88469b8f4140bb73a9eb74c81c
100836207288,33812121256,ci-core,onnx-light main (windows-latest),completed,failure,2026-09-03T22:15:22Z,2026-09-03T22:22:13Z,411,e7a79874b83d2226595f88369a6b114dbe5b53c9
100834336858,33811566495,ci-core,onnx-light main (windows-latest),completed,success,2026-09-03T22:08:10Z,2026-09-03T22:16:26Z,496,4d0a9c885578f557342a9dcb3805e3a8da951b9b
100833878472,33811381161,ci-core,onnx-light main (windows-latest),completed,cancelled,2026-09-03T22:06:27Z,2026-09-03T22:15:19Z,532,3e104de171e60b4722493e5f6a2afee64198f0b8
100832769653,33810988022,ci-core,onnx-light main (windows-latest),completed,cancelled,2026-09-03T22:02:18Z,2026-09-03T22:06:10Z,232,2b4e2f6fc07284d542682082ecd4a718fcb81d72
100831544423,33810690904,ci-core,onnx-light main (windows-latest),completed,cancelled,2026-09-03T21:58:18Z,2026-09-03T22:02:16Z,238,943a59ea26cec390a4dd8feb9a12ef31536c0112
100829137209,33809933381,ci-core,onnx-light main (windows-latest),completed,success,2026-09-03T21:48:50Z,2026-09-03T21:56:37Z,467,98366d4d222b72ee7933023c8cf52b8535a6cae3
100826240813,33808541501,ci-core,onnx-light main (windows-latest),completed,success,2026-09-03T21:38:30Z,2026-09-03T21:45:37Z,427,fefad5dc6853d6f6912ac05f7bd591270c15c36f
100823666056,33808217749,ci-core,onnx-light main (windows-latest),completed,success,2026-09-03T21:29:29Z,2026-09-03T21:36:43Z,434,8d3b4bbff636189a138a681839c2b98a9798b3fe
100811007078,33804314618,ci-core,onnx-light main (windows-latest),completed,success,2026-09-03T20:47:37Z,2026-09-03T20:56:01Z,504,846543fb7cebcd3eae46775dfc4c70df99a20bfe
100810688304,33803830315,ci-core,onnx-light main (windows-latest),completed,success,2026-09-03T20:46:38Z,2026-09-03T20:54:55Z,497,4fe2ed91bafc2d6a8ea7df7d0b4656a4b82e293d
100802832312,33801802374,ci-core,onnx-light main (windows-latest),completed,success,2026-09-03T20:21:49Z,2026-09-03T20:29:06Z,437,41c955a98a0c1fd89de369151dc17225c8f95e63
100800735867,33801161509,ci-core,onnx-light main (windows-latest),completed,success,2026-09-03T20:15:16Z,2026-09-03T20:21:50Z,394,235fa7594e6d3f3c3136720d50d0b9a5f82de0ca
100795870975,33799698935,ci-core,onnx-light main (windows-latest),completed,success,2026-09-03T20:00:20Z,2026-09-03T20:07:21Z,421,cd2197ef669e71cdfe58677c3207c9f82562be17
100735464345,33780883150,ci-core,onnx-light main (windows-latest),completed,success,2026-09-03T16:53:40Z,2026-09-03T17:00:41Z,421,6173b035ea1e5b7bf80a83697c66ad1bd15546b0
100733350232,33780697698,ci-core,onnx-light main (windows-latest),completed,success,2026-09-03T16:47:10Z,2026-09-03T16:54:24Z,434,152f3747903ab6f78b30cb7070c923c16e4e76d3
100724961573,33778159006,ci-core,onnx-light main (windows-latest),completed,success,2026-09-03T16:21:53Z,2026-09-03T16:31:28Z,575,9e48a5c08b7769ae1cf4ef64954fa13928637f8b
100725030658,33775851983,ci-core,onnx-light main (windows-latest),completed,success,2026-09-03T16:22:11Z,2026-09-03T16:31:34Z,563,e01887f90354bb58ffa4a78e8394f9e7b6602def
100713563527,33774758156,ci-core,onnx-light main (windows-latest),completed,success,2026-09-03T15:47:54Z,2026-09-03T15:57:10Z,556,c0392ac296b91f497be1b17bf4870b9109e3bf7b
100711700650,33774199480,ci-core,onnx-light main (windows-latest),completed,success,2026-09-03T15:42:22Z,2026-09-03T15:50:23Z,481,474c8526e52949162623d7845b69e2cbe22661ac
100701948926,33771311917,ci-core,onnx-light main (windows-latest),completed,success,2026-09-03T15:12:46Z,2026-09-03T15:20:22Z,456,fb1b12996fa8f05471b1309c4c0d9671b3b77f63
100713573476,33770841345,ci-core,onnx-light main (windows-latest),completed,success,2026-09-03T15:47:57Z,2026-09-03T15:57:11Z,554,14e9e689a23a1a008522653b3f2ecdcb039f6eb7
100673244465,33762863549,ci-core,onnx-light main (windows-latest),completed,success,2026-09-03T13:48:30Z,2026-09-03T13:55:55Z,445,78dda409f3c2bf331c53cd49ea0ef8bf74b33184
100665994224,33760293443,ci-core,onnx-light main (windows-latest),completed,success,2026-09-03T13:21:43Z,2026-09-03T13:29:43Z,480,f4b0efb817c741d4da0ae2ccda04d1495e261028
100659478195,33758639157,ci-core,onnx-light main (windows-latest),completed,success,2026-09-03T13:02:52Z,2026-09-03T13:14:16Z,684,0be640224d0660029c366f6842b07911cde97d09
100659059725,33758614570,ci-core,onnx-light main (windows-latest),completed,cancelled,2026-09-03T13:01:14Z,2026-09-03T13:02:17Z,63,d11ffc89ef004819c137a68b402a242733fe39ab
100645503371,33754212944,ci-core,onnx-light main (windows-latest),completed,success,2026-09-03T12:19:12Z,2026-09-03T12:27:06Z,474,064ec3c005327dfb554b888e1e3b33d4a2aea292
100643027173,33753577328,ci-core,onnx-light main (windows-latest),completed,cancelled,2026-09-03T12:11:14Z,2026-09-03T12:18:47Z,453,cbccbc4287aa64121fad97f319df5e0892070ced
100642034792,33753399393,ci-core,onnx-light main (windows-latest),completed,success,2026-09-03T12:07:26Z,2026-09-03T12:15:18Z,472,9a61d0c57a56a820f235732f534b324a8fb89fc2
100639795748,33752727015,ci-core,onnx-light main (windows-latest),completed,cancelled,2026-09-03T11:59:56Z,2026-09-03T12:07:21Z,445,cad91925ec797c3e94bd2aeeaba9de0c01405e60
100624020416,33747738336,ci-core,onnx-light main (windows-latest),completed,success,2026-09-03T11:05:05Z,2026-09-03T11:13:30Z,505,cae02f9d7f5ed5e27ce2b371c9470a1f869d8037
100613405189,33744383509,ci-core,onnx-light main (windows-latest),completed,success,2026-09-03T10:27:24Z,2026-09-03T10:37:49Z,625,a3a196c7f7fea99ad1a2261fad7130d143c0518b
100607602164,33742563662,ci-core,onnx-light main (windows-latest),completed,success,2026-09-03T10:07:03Z,2026-09-03T10:13:38Z,395,3bcf73bf75632165a91ebb9fb1656a64d72db561
100601559338,33740669946,ci-core,onnx-light main (windows-latest),completed,success,2026-09-03T09:47:04Z,2026-09-03T09:54:48Z,464,5788fbb3bbda422a3513ce81e076108bfe53f240
100588327562,33736541984,ci-core,onnx-light main (windows-latest),completed,success,2026-09-03T09:01:41Z,2026-09-03T09:43:00Z,2479,27f1d770f562f65785c9c7e7cff5e8a5a1b22329
103911450870,34822882032,ci-core,onnx-light main (windows-latest),completed,failure,2026-09-14T08:40:22Z,2026-09-14T08:51:39Z,677,57ee7b5836f0255f53537627809efb89557fb881
103891644019,34817626104,ci-core,onnx-light main (windows-latest),completed,failure,2026-09-14T07:23:56Z,2026-09-14T07:47:59Z,1443,bd5613ea5d0827af6e1397cd37428caffe24a68f
103684424422,34742484068,ci-core,onnx-light main (windows-latest),completed,success,2026-09-13T06:20:02Z,2026-09-13T06:30:27Z,625,e2defa279d2992eff31c472ca19db6b3b5e42faf
103612397824,34678438250,ci-core,onnx-light main (windows-latest),completed,success,2026-09-12T19:58:12Z,2026-09-12T20:08:48Z,636,836a19847afae43bbf9b3a6d44c72442cb153967
103512099507,34678326729,ci-core,onnx-light main (windows-latest),completed,success,2026-09-12T06:30:57Z,2026-09-12T06:55:51Z,1494,edb5c2e5e1c5b666d0a0aa960187707b79ee504e
103414594186,34578511809,ci-core,onnx-light main (windows-latest),completed,success,2026-09-11T20:39:00Z,2026-09-11T21:16:10Z,2230,dd207f29e92038857be2b21c0bafc6fecd6aa9bc
103191940050,34577099891,ci-core,onnx-light main (windows-latest),completed,success,2026-09-11T08:01:14Z,2026-09-11T08:10:19Z,545,fa93d1c626576542f98cdd6c7657a7fc53f0a979
103192189822,34575136760,ci-core,onnx-light main (windows-latest),completed,failure,2026-09-11T08:03:26Z,2026-09-11T08:18:51Z,925,7cdda2c128086953d6b7104423f89b9621923c76
103221512494,34575105810,ci-core,onnx-light main (windows-latest),completed,success,2026-09-11T09:52:32Z,2026-09-11T10:28:31Z,2159,5118c5c387288d0aeee384c30cd3ff4e40f578c8
103183149760,34573696247,ci-core,onnx-light main (windows-latest),completed,success,2026-09-11T07:28:25Z,2026-09-11T07:38:07Z,582,03d48b34af2fc018a6cc2556158f3f90040d92a9
103180123310,34573341515,ci-core,onnx-light main (windows-latest),completed,success,2026-09-11T07:13:00Z,2026-09-11T07:36:41Z,1421,8c547feb88745bd6b8abd8ee583fdb4d19b23cfc
103172074846,34569866331,ci-core,onnx-light main (windows-latest),completed,success,2026-09-11T06:37:53Z,2026-09-11T06:51:31Z,818,928558fcb927a4da44683a039c662e26a1a51b52
103168135969,34569416532,ci-core,onnx-light main (windows-latest),completed,success,2026-09-11T06:21:31Z,2026-09-11T06:51:45Z,1814,8f65d0035e6e1ca885a32908a741d0995d2ea69e
103166175396,34568759015,ci-core,onnx-light main (windows-latest),completed,failure,2026-09-11T06:14:31Z,2026-09-11T06:41:35Z,1624,19b11d42119f9606bf9c59cb232478a47a7dc783
103161512047,34506454133,ci-core,onnx-light main (windows-latest),completed,success,2026-09-11T05:44:58Z,2026-09-11T05:54:51Z,593,863e51c25a3a560cc72431e6c9f1606ea61c2b39
102964143912,34504681010,ci-core,onnx-light main (windows-latest),completed,failure,2026-09-10T16:55:49Z,2026-09-10T17:16:57Z,1268,5feaeff1dbfa222f14e94f24f231cc16b27755a7
102901507362,34486350854,ci-core,onnx-light main (windows-latest),completed,success,2026-09-10T14:01:37Z,2026-09-10T14:12:21Z,644,5f9699dda24869a16fbcc9fdfba0f7238e5ea1d3
102823182146,34454230628,ci-core,onnx-light main (windows-latest),completed,success,2026-09-10T09:46:04Z,2026-09-10T09:56:33Z,629,ff749aaa7b8c035a0eec58a44abf8ddd978c2eba
102793484613,34453146482,ci-core,onnx-light main (windows-latest),completed,success,2026-09-10T08:04:35Z,2026-09-10T08:17:47Z,792,8075af2fbb0d9a0386068b896546d273d340d419
102793217683,34453124875,ci-core,onnx-light main (windows-latest),completed,cancelled,2026-09-10T08:03:38Z,2026-09-10T08:04:17Z,39,a97e53652dbe5fce1b79f7003c9b8a3449416be2
102784860828,34448931792,ci-core,onnx-light main (windows-latest),completed,success,2026-09-10T07:33:01Z,2026-09-10T07:42:37Z,576,03b063921c05fee8a0e75fbee65dc84d82c7a9f9
102780037385,34448860716,ci-core,onnx-light main (windows-latest),completed,success,2026-09-10T07:17:02Z,2026-09-10T07:29:43Z,761,48a9cb3277c6690c3b67ab40026f08d7be501987
102777646516,34448216216,ci-core,onnx-light main (windows-latest),completed,success,2026-09-10T07:06:49Z,2026-09-10T07:17:41Z,652,65c4dfbd0b9a0dcc7561ae6ca4aa672aacee6f0e
102777546184,34448176736,ci-core,onnx-light main (windows-latest),completed,cancelled,2026-09-10T07:04:48Z,2026-09-10T07:05:11Z,23,1e92d33a8e141acfa3bc4c4e3f6f2eaa6f3fa0a5
102777482356,34448161828,ci-core,onnx-light main (windows-latest),completed,cancelled,2026-09-10T07:04:33Z,2026-09-10T07:04:43Z,10,9315e8a90842c26d41be21e2d1bac6a35dc08e8b
102777431466,34448146899,ci-core,onnx-light main (windows-latest),completed,cancelled,2026-09-10T07:04:21Z,2026-09-10T07:04:32Z,11,45e8257761b1103eba41c962128e941ff8713c30
102769394433,34445024734,ci-core,onnx-light main (windows-latest),completed,success,2026-09-10T06:30:58Z,2026-09-10T06:40:43Z,585,5756dc87b07580b18c2b93e08c17670fa16ca58e
102767933247,34444727167,ci-core,onnx-light main (windows-latest),completed,success,2026-09-10T06:30:29Z,2026-09-10T06:42:10Z,701,fdaea62f9e6c2e01f20e3c4de38288e8fd35069a
102766823813,34444199060,ci-core,onnx-light main (windows-latest),completed,success,2026-09-10T06:21:24Z,2026-09-10T06:30:53Z,569,3c385587103ae5e9c76593e809c8da2641b34736
102765556640,34444077247,ci-core,onnx-light main (windows-latest),completed,success,2026-09-10T06:21:26Z,2026-09-10T06:31:22Z,596,e82dc019b548059e108f250350e08f48f7e7ea4a
102764938558,34443893954,ci-core,onnx-light main (windows-latest),completed,success,2026-09-10T06:13:46Z,2026-09-10T06:23:46Z,600,08cd7525208f7774052024599b4e72b4aa1396f9
102764388922,34443667645,ci-core,onnx-light main (windows-latest),completed,failure,2026-09-10T06:09:40Z,2026-09-10T06:16:21Z,401,55e7257927b3efaf40d0b01e569e9009547e8d09
102763344846,34443535988,ci-core,onnx-light main (windows-latest),completed,success,2026-09-10T06:03:26Z,2026-09-10T06:15:29Z,723,180f378667765966ac7a04c2a0754a48d604d64f
102761154388,34441245614,ci-core,onnx-light main (windows-latest),completed,failure,2026-09-10T05:53:49Z,2026-09-10T06:01:23Z,454,717dab6a0015b2553dd0da73afde3a6f7d1de1e6
102760883354,34440252923,ci-core,onnx-light main (windows-latest),completed,success,2026-09-10T05:50:49Z,2026-09-10T06:01:38Z,649,475e1a0fc84aecbd93f2dfcf2321363ac0aacc78
102763570259,34440251654,ci-core,onnx-light main (windows-latest),completed,failure,2026-09-10T06:05:52Z,2026-09-10T06:11:44Z,352,cc96125304275164d98778f7df0a641cf21875f0
102753057132,34440068870,ci-core,onnx-light main (windows-latest),completed,success,2026-09-10T05:11:22Z,2026-09-10T05:23:25Z,723,ee1e5166adaa2be8ee7910e6d136bc7202f2b733
102653510092,34405726039,ci-core,onnx-light main (windows-latest),completed,success,2026-09-09T21:31:23Z,2026-09-09T21:43:44Z,741,464137e4259a6721b58d9b41c7359555f237ac41
102654584710,34405309002,ci-core,onnx-light main (windows-latest),completed,success,2026-09-09T21:35:10Z,2026-09-09T21:48:12Z,782,012e519b5397236f09781f4a77a81a161b691579
102617964497,34396663644,ci-core,onnx-light main (windows-latest),completed,success,2026-09-09T19:42:37Z,2026-09-09T19:53:22Z,645,af6e61a59b9aa1ca88c38b9bae7ddabff2edf99e
102589500945,34377372566,ci-core,onnx-light main (windows-latest),completed,success,2026-09-09T18:17:57Z,2026-09-09T18:26:01Z,484,a6ee0c64f6d459b2a9c1e0b7f5476fcb86d97074
102544355895,34374675088,ci-core,onnx-light main (windows-latest),completed,success,2026-09-09T16:07:07Z,2026-09-09T16:20:46Z,819,5c314629dde157caad16c566ec9ad8d29e3e26ae
102539794895,34373257264,ci-core,onnx-light main (windows-latest),completed,success,2026-09-09T15:54:45Z,2026-09-09T16:08:05Z,800,bef14a152fca15206066d6cd664c345490a54181
102525482292,34368970579,ci-core,onnx-light main (windows-latest),completed,success,2026-09-09T15:16:16Z,2026-09-09T15:40:46Z,1470,3df9c52ff8cd4e010779e09b83f9ffb45dd299d8
102523151732,34368443759,ci-core,onnx-light main (windows-latest),completed,cancelled,2026-09-09T15:10:07Z,2026-09-09T15:54:40Z,2673,a34e8cda3920b292074a6228d5d0998971cb7203
102512532365,34364494500,ci-core,onnx-light main (windows-latest),completed,cancelled,2026-09-09T14:42:13Z,2026-09-09T15:16:12Z,2039,775c4c1f1551f92692f0459499c43b0b9df16a04
102500420000,34361810799,ci-core,onnx-light main (windows-latest),completed,success,2026-09-09T14:10:14Z,2026-09-09T15:01:54Z,3100,49331d23a1ecc56d25726e89c678be698732dc47
102440957089,34343938468,ci-core,onnx-light main (windows-latest),completed,failure,2026-09-09T11:08:21Z,2026-09-09T11:15:13Z,412,072788832921277a656ef9bcd911582414c0c6ca
102438335253,34343123401,ci-core,onnx-light main (windows-latest),completed,failure,2026-09-09T10:59:15Z,2026-09-09T11:07:03Z,468,d72610e12a9f87627aec385fe2d7b6f8be5e3fcd
102407280178,34333444414,ci-core,onnx-light main (windows-latest),completed,success,2026-09-09T09:13:19Z,2026-09-09T09:23:55Z,636,7b9f360962f8f078cd839cfd9d7d22bf50198832
102407086695,34333416763,ci-core,onnx-light main (windows-latest),completed,cancelled,2026-09-09T09:12:40Z,2026-09-09T09:13:12Z,32,92e7f7bb20ead9acef68190b6a3cd32caca15f3f
102385397496,34326429916,ci-core,onnx-light main (windows-latest),completed,success,2026-09-09T07:59:18Z,2026-09-09T08:08:09Z,531,c0a2b42973573d9fc3bdbe27fdd5dff809118072
102379443689,34278108398,ci-core,onnx-light main (windows-latest),completed,success,2026-09-09T07:37:33Z,2026-09-09T07:47:44Z,611,38514a4c29447b6071ddda30b019a1199537b2dc
102189914055,34261255652,ci-core,onnx-light main (windows-latest),completed,failure,2026-09-08T18:39:49Z,2026-09-08T18:49:58Z,609,edc763ce58958859c37c84b3ffc79932f900b196
102159632679,34255349263,ci-core,onnx-light main (windows-latest),completed,failure,2026-09-08T17:09:07Z,2026-09-08T17:16:37Z,450,2d8de6dc25002c312e9bb894a9eb263bbc3ff1f4
102150988136,34252654762,ci-core,onnx-light main (windows-latest),completed,success,2026-09-08T16:43:14Z,2026-09-08T16:52:56Z,582,b77035d65e3a49071462898197bc41800f0c2d39
102150436484,34252604209,ci-core,onnx-light main (windows-latest),completed,cancelled,2026-09-08T16:41:35Z,2026-09-08T16:43:04Z,89,73cf735cf299aab105ac35e1332d7ddc26bb5e25
102137762467,34248848679,ci-core,onnx-light main (windows-latest),completed,success,2026-09-08T16:04:57Z,2026-09-08T16:13:55Z,538,0ed8ea0b0dc2f3270388eb502980ad16f2909e52
102130399675,34246696389,ci-core,onnx-light main (windows-latest),completed,success,2026-09-08T15:44:33Z,2026-09-08T15:55:04Z,631,226265aa8d61e06f14e1b617d0aab1c09b35d5ab
102131280427,34245690107,ci-core,onnx-light main (windows-latest),completed,success,2026-09-08T15:47:05Z,2026-09-08T15:55:22Z,497,6f8cd2544f117bd65e38b9b44e3810d4f104a9db
102126295719,34245499061,ci-core,onnx-light main (windows-latest),completed,success,2026-09-08T15:33:45Z,2026-09-08T15:44:10Z,625,f87867a0ef64e290d781da5be35e0ef917f1ef55
102126377895,34242239634,ci-core,onnx-light main (windows-latest),completed,success,2026-09-08T15:35:08Z,2026-09-08T15:43:18Z,490,2fd101a8522195773debf0d650772d5cfd264969
102111329550,34240546445,ci-core,onnx-light main (windows-latest),completed,failure,2026-09-08T14:53:13Z,2026-09-08T14:58:55Z,342,bb023031742d651c73c7f08a8b3f71937fc0d6b1
102104703598,34239200213,ci-core,onnx-light main (windows-latest),completed,success,2026-09-08T14:35:27Z,2026-09-08T14:44:20Z,533,b2f2b79f6ef5641913ae4788b1833ed9aad023ca
102103774683,34238928625,ci-core,onnx-light main (windows-latest),completed,failure,2026-09-08T14:32:57Z,2026-09-08T14:40:04Z,427,c47ead18898af226e525682a1d983b789a62e251
102106956366,34238914516,ci-core,onnx-light main (windows-latest),completed,success,2026-09-08T14:41:21Z,2026-09-08T14:49:22Z,481,b0159c95ba876b3c33370f5f999ac5cc66b174c4
102100134936,34237708471,ci-core,onnx-light main (windows-latest),completed,success,2026-09-08T14:22:42Z,2026-09-08T14:30:14Z,452,1fc3359ffee30f30640df077a181f20dbe530251
102099439298,34237654344,ci-core,onnx-light main (windows-latest),completed,cancelled,2026-09-08T14:20:47Z,2026-09-08T14:22:18Z,91,fccec71c4d9ba4aaadda89eb2db432731479269e
102091372563,34235310405,ci-core,onnx-light main (windows-latest),completed,success,2026-09-08T13:59:06Z,2026-09-08T14:08:33Z,567,24bc3548b8dc2644ab0829c33a9f072e064af4e4
102089627165,34234697715,ci-core,onnx-light main (windows-latest),completed,success,2026-09-08T13:55:23Z,2026-09-08T14:03:42Z,499,4de4b9c350340db17ad24f3f853d39dafe0ac925
102089082678,34234636836,ci-core,onnx-light main (windows-latest),completed,cancelled,2026-09-08T13:52:10Z,2026-09-08T13:53:17Z,67,2f4dd2a8c3418ce640ce16df0666663c5cff74c2
102089429875,34232394444,ci-core,onnx-light main (windows-latest),completed,success,2026-09-08T13:53:32Z,2026-09-08T14:01:24Z,472,c46a91458e368bd9e1753d6f41f436490e84216a
102077346999,34231156827,ci-core,onnx-light main (windows-latest),completed,success,2026-09-08T13:21:31Z,2026-09-08T13:30:34Z,543,acd3674a7009f8235dbc643e67989fe4d8c25a9a
102075843516,34230713034,ci-core,onnx-light main (windows-latest),completed,success,2026-09-08T13:14:15Z,2026-09-08T13:22:08Z,473,c7d66ef684bd04dc927481647baa0e159154c729
102077762071,34230520156,ci-core,onnx-light main (windows-latest),completed,success,2026-09-08T13:21:38Z,2026-09-08T13:30:09Z,511,41a17139d807b5dcfc489da2ed41f6c25e14fa8c
102068433976,34228498739,ci-core,onnx-light main (windows-latest),completed,success,2026-09-08T12:59:41Z,2026-09-08T13:08:27Z,526,d10a193018b39779f63f98678f4b32cf22fd1927
102067589709,34228240929,ci-core,onnx-light main (windows-latest),completed,success,2026-09-08T12:50:49Z,2026-09-08T12:59:01Z,492,8ec70fbd0fb97b429479bf2b4da712cef0f1e529
102067333261,34228063756,ci-core,onnx-light main (windows-latest),completed,cancelled,2026-09-08T12:48:19Z,2026-09-08T12:49:06Z,47,4878823c3defae0e6d54ab4f6f78f9e33105b5d2
102065020810,34227471982,ci-core,onnx-light main (windows-latest),completed,cancelled,2026-09-08T12:44:19Z,2026-09-08T12:48:19Z,240,03372cd55a66cd8f37db5a2feb95f1d6d7cee427
102055216655,34224424472,ci-core,onnx-light main (windows-latest),completed,success,2026-09-08T12:09:25Z,2026-09-08T12:25:13Z,948,6937794597f8176811c25911415c84a85b9d58f9
102054741391,34224359652,ci-core,onnx-light main (windows-latest),completed,cancelled,2026-09-08T12:07:51Z,2026-09-08T12:08:50Z,59,d92fe8d2195906493e635caf21466c4617f03f76
102041008010,34220083356,ci-core,onnx-light main (windows-latest),completed,success,2026-09-08T11:19:58Z,2026-09-08T11:28:39Z,521,d906ff0276d04a84badffc349251bfeccc97e6f8
102040217446,34219876347,ci-core,onnx-light main (windows-latest),completed,success,2026-09-08T11:17:11Z,2026-09-08T11:27:32Z,621,986336a68d34786ce031b930c839f1875eddb04a
102039876673,34219770957,ci-core,onnx-light main (windows-latest),completed,cancelled,2026-09-08T11:15:59Z,2026-09-08T11:19:45Z,226,60df7b1235194220893d3ce47257fa595dcfe39e
102038884674,34219458336,ci-core,onnx-light main (windows-latest),completed,success,2026-09-08T11:12:26Z,2026-09-08T11:21:55Z,569,07f9323dbb3f5f05939b545e636f7282555e6f68
102035635887,34218439873,ci-core,onnx-light main (windows-latest),completed,success,2026-09-08T11:00:52Z,2026-09-08T11:10:48Z,596,39e7418a7a74729286c841b622b99cb21f4d35ab
102034761933,34218165024,ci-core,onnx-light main (windows-latest),completed,success,2026-09-08T10:57:44Z,2026-09-08T11:08:08Z,624,748ace5e1dc85930c2efebf6548083ae63823af4
102020095343,34213613257,ci-core,onnx-light main (windows-latest),completed,success,2026-09-08T10:05:58Z,2026-09-08T10:13:06Z,428,8c860446ab5dee2ef57a71aab0a4c48ac452454a
102016109291,34212354292,ci-core,onnx-light main (windows-latest),completed,success,2026-09-08T09:52:16Z,2026-09-08T10:00:55Z,519,b624657502f8058d56848867a544759ca6902ff9
102015634086,34212222793,ci-core,onnx-light main (windows-latest),completed,success,2026-09-08T09:50:34Z,2026-09-08T09:59:51Z,557,a3b0997d66460e428886cfa725942d28fb234d99
102013769998,34211636897,ci-core,onnx-light main (windows-latest),completed,cancelled,2026-09-08T09:44:14Z,2026-09-08T09:52:07Z,473,6e9dec328f11ae93a5d76799e859dbef72f86387
102007892130,34209785455,ci-core,onnx-light main (windows-latest),completed,success,2026-09-08T09:24:33Z,2026-09-08T09:32:59Z,506,c057b20dc3a37f90ff964f452c72a4132f701db6
102006227602,34209303836,ci-core,onnx-light main (windows-latest),completed,cancelled,2026-09-08T09:18:57Z,2026-09-08T09:24:17Z,320,7f6cdcc4162907754d8ec8dcaf2766ec5193f47c
102000276198,34207468106,ci-core,onnx-light main (windows-latest),completed,success,2026-09-08T08:59:05Z,2026-09-08T09:06:40Z,455,56562bd5db58691430b993780ec27bce92ad0867
101875708257,34165533903,ci-core,onnx-light main (windows-latest),completed,success,2026-09-07T22:07:02Z,2026-09-07T22:14:25Z,443,aa405a959c4fdeec464f2b56863901cb0a1039c1
101870858778,34163836069,ci-core,onnx-light main (windows-latest),completed,success,2026-09-07T21:37:57Z,2026-09-07T21:44:58Z,421,1f1450eb2665bedf2a37fa64ba00e96dfc3f5719
101870903205,34163094312,ci-core,onnx-light main (windows-latest),completed,success,2026-09-07T21:38:27Z,2026-09-07T21:47:43Z,556,19330eca3fef35ec0f255c2120ac86a6c51007d5
101865182311,34150449645,ci-core,onnx-light main (windows-latest),completed,success,2026-09-07T21:06:05Z,2026-09-07T21:13:50Z,465,8535aad5a42c906bd675b6df222103e20c16b714
101831239505,34150380741,ci-core,onnx-light main (windows-latest),completed,success,2026-09-07T18:07:53Z,2026-09-07T18:15:30Z,457,1a751afd40f9c46b4ed88c65a8d0f31cda941324
101817132648,34145689217,ci-core,onnx-light main (windows-latest),completed,success,2026-09-07T16:59:27Z,2026-09-07T17:07:01Z,454,7f124f648727ee8bfd2b298a01f5f489634fd838
101804571161,34141596207,ci-core,onnx-light main (windows-latest),completed,success,2026-09-07T16:06:11Z,2026-09-07T16:13:06Z,415,66bf6ed254859fcb44928ce3971195dd5afac702
101801908776,34140088826,ci-core,onnx-light main (windows-latest),completed,success,2026-09-07T15:56:28Z,2026-09-07T16:04:16Z,468,d0219d752529802f0f5b9cf1381ff81aad16cfe6
101799288324,34139896228,ci-core,onnx-light main (windows-latest),completed,success,2026-09-07T15:45:18Z,2026-09-07T16:05:37Z,1219,36b11e4be77ae23a280f395ee319019fa345f5d6
101792739882,34137807657,ci-core,onnx-light main (windows-latest),completed,success,2026-09-07T15:20:38Z,2026-09-07T15:28:10Z,452,c1447080d1de9eb073879cc02b95b7501b82dd6e
101788252267,34136385540,ci-core,onnx-light main (windows-latest),completed,failure,2026-09-07T15:05:02Z,2026-09-07T15:11:11Z,369,45062ad60ee9e555d3b08fc2e337c5a037d762ed
101776429187,34132712610,ci-core,onnx-light main (windows-latest),completed,failure,2026-09-07T14:26:54Z,2026-09-07T14:45:19Z,1105,fef5ee740a14478359c5522565c1223e9cddf1e1
101761967735,34128268440,ci-core,onnx-light main (windows-latest),completed,failure,2026-09-07T13:37:50Z,2026-09-07T13:45:12Z,442,660e34468e8152524ad674295e271fc2fd56d754
101759652676,34127509335,ci-core,onnx-light main (windows-latest),completed,success,2026-09-07T13:28:16Z,2026-09-07T13:36:19Z,483,5caa8f2ec965d28dc05afeff17ecf79cb803d948
101757688407,34126930464,ci-core,onnx-light main (windows-latest),completed,cancelled,2026-09-07T13:21:21Z,2026-09-07T13:27:40Z,379,217a338eeae08b32502268025dc00f1d856c27f8
101749559767,34124404188,ci-core,onnx-light main (windows-latest),completed,success,2026-09-07T12:54:21Z,2026-09-07T13:02:33Z,492,267d9906d467d736cc27035425b6bbb3115358d1
101749681687,34122589077,ci-core,onnx-light main (windows-latest),completed,success,2026-09-07T12:55:27Z,2026-09-07T13:04:00Z,513,7650cc73a129877353c4ac3013c9050e5631af28
105889233576,35440072137,ci-core,onnx-light main (windows-latest),completed,success,2026-09-19T11:25:32Z,2026-09-19T11:53:18Z,1666,5c19e55b75050fde3062fc87ae4d348aaa478c7d
105885709948,35438332500,ci-core,onnx-light main (windows-latest),completed,success,2026-09-19T10:55:41Z,2026-09-19T11:07:30Z,709,16e77c67530f5a44cec5a6618ff30c839412e43d
105879397096,35434890234,ci-core,onnx-light main (windows-latest),completed,failure,2026-09-19T10:02:04Z,2026-09-19T10:22:39Z,1235,e396cea6f7f027dffb8e7bb43b5775e524ea5401
105870853402,35401200017,ci-core,onnx-light main (windows-latest),completed,failure,2026-09-19T08:49:21Z,2026-09-19T08:57:20Z,479,8d1ac546b9707f00715d42a699f29cd5262251cf
105779629862,35400685893,ci-core,onnx-light main (windows-latest),completed,success,2026-09-18T22:14:56Z,2026-09-18T22:26:42Z,706,e963c0e84312e190dee976a1658ca213c1c39798
105765956242,35394991425,ci-core,onnx-light main (windows-latest),completed,success,2026-09-18T21:21:29Z,2026-09-18T21:59:17Z,2268,86f7c4721f7aa7ceb855056170c4dfdf3376da09
105760514861,35394619583,ci-core,onnx-light main (windows-latest),completed,success,2026-09-18T21:02:08Z,2026-09-18T22:00:50Z,3522,6091d2c4052f9093d17665f55ef0e52702c10f42
105760175043,35371832169,ci-core,onnx-light main (windows-latest),completed,cancelled,2026-09-18T21:00:51Z,2026-09-18T21:21:06Z,1215,9049707fd89f5781ef7d4d4237d3ae2a800ccddb
105685919045,35359549976,ci-core,onnx-light main (windows-latest),completed,success,2026-09-18T16:56:14Z,2026-09-18T17:52:53Z,3399,0c5ee58d7f3fc3d526c709b9667dfb01cca70e2f
105633145208,35352652076,ci-core,onnx-light main (windows-latest),completed,failure,2026-09-18T14:19:02Z,2026-09-18T14:30:05Z,663,8a426d371affe5605ca99965d986cc61ec5466ce
105633031051,35352040084,ci-core,onnx-light main (windows-latest),completed,failure,2026-09-18T14:19:41Z,2026-09-18T14:27:15Z,454,79216b5fb6a3ba765e988e53aed3d3931d24d7bd
105619021464,35350824829,ci-core,onnx-light main (windows-latest),completed,failure,2026-09-18T13:44:17Z,2026-09-18T13:52:37Z,500,a11bfdbf8ab57ad872cabacd06898adac893bb63
105611407561,35348716385,ci-core,onnx-light main (windows-latest),completed,success,2026-09-18T13:11:04Z,2026-09-18T13:23:35Z,751,ad964809afc0ddbc4320e656d72b7a89be526b2b
105605935353,35347031308,ci-core,onnx-light main (windows-latest),completed,success,2026-09-18T12:54:15Z,2026-09-18T13:07:53Z,818,a16de32cd15d4c4ac3ba9d7644a92dc80b7c2e22
105605801466,35345002791,ci-core,onnx-light main (windows-latest),completed,success,2026-09-18T12:52:29Z,2026-09-18T13:04:16Z,707,9d1b6292001ce249ea2cf043389eac8a7d42aeae
105598769798,35344801976,ci-core,onnx-light main (windows-latest),completed,failure,2026-09-18T12:40:36Z,2026-09-18T12:47:43Z,427,c4cb1a067617cb1411696c129e6ec2928b1c0be6
105598732658,35344791428,ci-core,onnx-light main (windows-latest),completed,cancelled,2026-09-18T12:27:52Z,2026-09-18T12:27:59Z,7,54e7c8e5e2180f032260d37c444c9219131adc8a
105592472168,35342522584,ci-core,onnx-light main (windows-latest),completed,failure,2026-09-18T12:05:36Z,2026-09-18T12:12:14Z,398,5b2dd3f8e56afd6019d97ef4700876c0f55f0791
105595529351,35342046821,ci-core,onnx-light main (windows-latest),completed,success,2026-09-18T12:16:31Z,2026-09-18T12:27:45Z,674,ccc85dedbfa006660e51e1851d9c432d82531131
105588989771,35341257800,ci-core,onnx-light main (windows-latest),completed,failure,2026-09-18T11:52:12Z,2026-09-18T12:00:28Z,496,89a29cfa28a014fff8e2a593bd1762187faf8de6
105580844154,35339155310,ci-core,onnx-light main (windows-latest),completed,success,2026-09-18T11:20:38Z,2026-09-18T11:33:12Z,754,82f359121dfb48864108ba434c7bd5237e11675d
105558231001,35331977908,ci-core,onnx-light main (windows-latest),completed,success,2026-09-18T09:56:57Z,2026-09-18T10:09:24Z,747,1c8f82b663d4bea9f971b6e3d12a6a1cc260aa4c
105557697507,35331835149,ci-core,onnx-light main (windows-latest),completed,success,2026-09-18T09:54:03Z,2026-09-18T10:06:57Z,774,adf621cd2000dbb2c445eb17d52a8c9bdc570116
105557593318,35331801036,ci-core,onnx-light main (windows-latest),completed,cancelled,2026-09-18T09:52:33Z,2026-09-18T09:54:48Z,135,64dbdf3ef224c287fe4e107c967a03b01bafa782
105550599662,35329594002,ci-core,onnx-light main (windows-latest),completed,success,2026-09-18T09:27:06Z,2026-09-18T09:37:32Z,626,42e00e3b0353b1a2a4340640e2115b0a0bf57d4c
105543368955,35327342423,ci-core,onnx-light main (windows-latest),completed,failure,2026-09-18T09:01:18Z,2026-09-18T09:13:44Z,746,fad4e616fe83b5122874dce38641125e5ea4ca36
105289133414,35246851894,ci-core,onnx-light main (windows-latest),completed,success,2026-09-17T16:29:03Z,2026-09-17T16:37:41Z,518,50ea2ad8c6ace53d8ec622180adb297225b0d561
105283663952,35245247032,ci-core,onnx-light main (windows-latest),completed,failure,2026-09-17T16:13:34Z,2026-09-17T16:23:56Z,622,712ae8e3c9e5fb5154c9013279a32b9b1382dc4d
105275054952,35242741987,ci-core,onnx-light main (windows-latest),completed,success,2026-09-17T15:49:42Z,2026-09-17T16:00:45Z,663,3a0c5fce549d0e0ba14ecc1658caaa3bc9ecff5a
105258246425,35237841340,ci-core,onnx-light main (windows-latest),completed,success,2026-09-17T15:04:39Z,2026-09-17T15:15:30Z,651,a7ba958b93776ca7eed2e14918e65641f19aac59
105256685150,35237382421,ci-core,onnx-light main (windows-latest),completed,success,2026-09-17T15:00:38Z,2026-09-17T15:12:58Z,740,2753a667433e6a80e5d875357de7876ba528abcd
105243968202,35233670557,ci-core,onnx-light main (windows-latest),completed,success,2026-09-17T14:27:24Z,2026-09-17T14:35:40Z,496,8d7d665b67a24609de5ad076526c05aab4d0a1dc
105236793651,35231490741,ci-core,onnx-light main (windows-latest),completed,success,2026-09-17T14:08:29Z,2026-09-17T14:19:43Z,674,b7117a2c9c8e74448fc1eb5e78b03329b1dd4460
105236553374,35231413829,ci-core,onnx-light main (windows-latest),completed,success,2026-09-17T14:07:52Z,2026-09-17T14:19:48Z,716,395733b6843b2e64487681911f0102df011baaa6
105234025325,35230790701,ci-core,onnx-light main (windows-latest),completed,cancelled,2026-09-17T14:01:16Z,2026-09-17T14:07:42Z,386,9a52a56250874cbb8261a6a5bf149f64be46b16b
105232971634,35230482828,ci-core,onnx-light main (windows-latest),completed,cancelled,2026-09-17T13:58:22Z,2026-09-17T14:08:24Z,602,c5a9aba70d9b74ee2aeb5cb9275ee60e9d5c21e6
105209604386,35223628257,ci-core,onnx-light main (windows-latest),completed,success,2026-09-17T12:52:34Z,2026-09-17T13:04:23Z,709,f58bd68f1be6f8bba3304116cea2cb70ecc8c4ca
105198332982,35220253525,ci-core,onnx-light main (windows-latest),completed,success,2026-09-17T12:17:15Z,2026-09-17T12:27:38Z,623,0100dbb51affe30031cc786d1bbbcf630415b4e6
105193969368,35218914314,ci-core,onnx-light main (windows-latest),completed,success,2026-09-17T12:02:46Z,2026-09-17T12:13:55Z,669,72da15ef6d7ef06b01902766997b3aa05074b7b5
105187543789,35216940641,ci-core,onnx-light main (windows-latest),completed,success,2026-09-17T11:40:39Z,2026-09-17T11:48:59Z,500,e1756e169c574e01724321d8b194d176f2fd81d8
105185818212,35216381194,ci-core,onnx-light main (windows-latest),completed,success,2026-09-17T11:34:57Z,2026-09-17T11:45:59Z,662,288783d08ed2a0ebb84697dfc5c5c70f32bd9dcb
105185273576,35216211992,ci-core,onnx-light main (windows-latest),completed,success,2026-09-17T11:32:42Z,2026-09-17T11:43:40Z,658,4eb822d197eda57fc928d6b100c51992c658887b
105185049326,35216168361,ci-core,onnx-light main (windows-latest),completed,cancelled,2026-09-17T11:32:02Z,2026-09-17T11:32:33Z,31,fb72e19d95e15ff382ba0e9e6608d90d6bad5723
105178040252,35213981269,ci-core,onnx-light main (windows-latest),completed,success,2026-09-17T11:09:54Z,2026-09-17T11:24:58Z,904,df2bd2971aab8987868c8ff9c119b2ac710a698c
105178038701,35213980429,ci-core,onnx-light main (windows-latest),completed,success,2026-09-17T11:14:02Z,2026-09-17T11:25:32Z,690,7d3c309f666bbbc856da57299441bc4655dd8dcb
105177998288,35213969271,ci-core,onnx-light main (windows-latest),completed,success,2026-09-17T11:11:47Z,2026-09-17T11:23:07Z,680,952016c9506ee2debacdf0ddacde2addbf209b23
105177580962,35213869942,ci-core,onnx-light main (windows-latest),completed,cancelled,2026-09-17T11:05:35Z,2026-09-17T11:06:45Z,70,ab4d35a8b010d2c2eda45b7734f8fecab07d4f54
105177309217,35213784112,ci-core,onnx-light main (windows-latest),completed,success,2026-09-17T11:07:11Z,2026-09-17T11:22:19Z,908,be1a7073715de3ccae0657b5a0e1004d6a069cfe
105177137424,35213724201,ci-core,onnx-light main (windows-latest),completed,cancelled,2026-09-17T11:04:33Z,2026-09-17T11:07:07Z,154,f992f2001a6d79e0a2958ba71d897177416b08d5
105177052405,35213677036,ci-core,onnx-light main (windows-latest),completed,cancelled,2026-09-17T11:03:46Z,2026-09-17T11:07:07Z,201,c3b41c75ffcc2f27f1477d99b01a50a195762106
105171295810,35211949060,ci-core,onnx-light main (windows-latest),completed,success,2026-09-17T10:43:22Z,2026-09-17T10:55:32Z,730,43cfdfa484ba5d5731ddffe2dbf9fc547b5c2e9d
105172333875,35209737733,ci-core,onnx-light main (windows-latest),completed,failure,2026-09-17T10:50:05Z,2026-09-17T11:00:16Z,611,f80c19802cc4b0cd9714f733f1033e15d2568824
105172140817,35208968310,ci-core,onnx-light main (windows-latest),completed,cancelled,2026-09-17T10:46:15Z,2026-09-17T11:03:33Z,1038,2d855bb58e6bfb69b2fac5ef72492af6ef55ea19
105172207532,35208728487,ci-core,onnx-light main (windows-latest),completed,cancelled,2026-09-17T10:46:57Z,2026-09-17T11:04:00Z,1023,33d762ddfdac95f77b4137196175072e57429e0d
105172261328,35208300652,ci-core,onnx-light main (windows-latest),completed,failure,2026-09-17T10:48:10Z,2026-09-17T11:04:30Z,980,dd078e31f6451302ac76af3224b53887fa15bc46
105159065261,35208197780,ci-core,onnx-light main (windows-latest),completed,success,2026-09-17T10:00:40Z,2026-09-17T10:09:10Z,510,b1aa9ce3c32f819aae0ab7264824f8cf8a60b6d9
105148381775,35204967338,ci-core,onnx-light main (windows-latest),completed,success,2026-09-17T09:24:46Z,2026-09-17T09:33:59Z,553,839a31e1b5e25ab87ed2b106c80a5ee7d39569c8
105138646464,35201959380,ci-core,onnx-light main (windows-latest),completed,success,2026-09-17T08:51:50Z,2026-09-17T09:01:59Z,609,4933667125cb373007bf8959a28cac88de2df2e8
105136576710,35201334113,ci-core,onnx-light main (windows-latest),completed,cancelled,2026-09-17T08:44:54Z,2026-09-17T08:51:41Z,407,4425ddf2b660283635040977454ee4ea5efd8fab
105134200542,35200616863,ci-core,onnx-light main (windows-latest),completed,cancelled,2026-09-17T08:36:55Z,2026-09-17T08:44:51Z,476,687c1495d82023c9ca722cfe93c4932fee773fb8
105128134486,35198751489,ci-core,onnx-light main (windows-latest),completed,success,2026-09-17T08:16:01Z,2026-09-17T08:27:40Z,699,3ab3b9af7fddee2cad1ae39b0ea1fece48a58b8f
105127206273,35132783976,ci-core,onnx-light main (windows-latest),completed,success,2026-09-16T18:38:02Z,2026-09-16T18:48:27Z,625,e9d47dbfeb59e5d017a56c5cea4586637e8fe457
105128192749,35132782497,ci-core,onnx-light main (windows-latest),completed,failure,2026-09-17T08:17:47Z,2026-09-17T08:28:44Z,657,e809098f79bc7c4662e5af764e33d9b088e0ac5a
104914922480,35125107485,ci-core,onnx-light main (windows-latest),completed,failure,2026-09-16T18:03:15Z,2026-09-16T18:13:55Z,640,0202a3ab69dbb96eec0857904f4b7f0933ec36bc
104880486988,35121600864,ci-core,onnx-light main (windows-latest),completed,success,2026-09-16T16:23:42Z,2026-09-16T16:34:59Z,677,2b66ea4bc063002a77e7eda4b12b94550d2bd8ab
104860321936,35111872510,ci-core,onnx-light main (windows-latest),completed,success,2026-09-16T15:29:21Z,2026-09-16T15:40:59Z,698,9ed2465418e92abbb637e1d750a6ba5fbc7ed4b4
104829217869,35106570125,ci-core,onnx-light main (windows-latest),completed,success,2026-09-16T14:09:12Z,2026-09-16T14:19:18Z,606,7bf7d2d55939452a294f2e60eefca9163f81279e
104817417488,35103152646,ci-core,onnx-light main (windows-latest),completed,success,2026-09-16T13:37:54Z,2026-09-16T13:47:59Z,605,a0752794698795fb383cc694422a7148e908434a
104810995768,35100459477,ci-core,onnx-light main (windows-latest),completed,failure,2026-09-16T13:20:21Z,2026-09-16T13:31:10Z,649,2e107ffc1c70264d03b91dc523aa6198568cc214
104796390190,35096310227,ci-core,onnx-light main (windows-latest),completed,failure,2026-09-16T12:37:28Z,2026-09-16T12:47:31Z,603,c4e94112da49ab3a396ddca5d3bd4c538db74e36
104792430959,35095487672,ci-core,onnx-light main (windows-latest),completed,failure,2026-09-16T12:25:22Z,2026-09-16T12:36:30Z,668,fd2a9b9a8c88f2350a27b3540cef893ad1260242
104784513914,35093254716,ci-core,onnx-light main (windows-latest),completed,success,2026-09-16T11:59:42Z,2026-09-16T12:10:47Z,665,5456f304114917cabdcf31ff08ba68f424d958d4
104784286185,35093232364,ci-core,onnx-light main (windows-latest),completed,cancelled,2026-09-16T11:58:53Z,2026-09-16T11:59:25Z,32,dcd07c5e3aaf396045c2072acb8f871181607cd4
104766080136,35087622402,ci-core,onnx-light main (windows-latest),completed,success,2026-09-16T10:56:40Z,2026-09-16T11:05:43Z,543,6fe0e2000a4da96b71c5a24d6f25b450821bd3cd
104765985888,35083265919,ci-core,onnx-light main (windows-latest),completed,success,2026-09-16T10:55:46Z,2026-09-16T11:08:43Z,777,f07c2d1079a59398188d0cbea48a28063f139dc6
104742660420,35077289643,ci-core,onnx-light main (windows-latest),completed,success,2026-09-16T09:36:30Z,2026-09-16T09:47:22Z,652,7b75c25ad5cfab6d668c6c7947cc56740f6e8e53
104729167879,35073130455,ci-core,onnx-light main (windows-latest),completed,success,2026-09-16T08:53:21Z,2026-09-16T09:01:58Z,517,85c2de91f0e90dc59912a3fecebcb7f14d59fd2b
104716946609,35072464898,ci-core,onnx-light main (windows-latest),completed,success,2026-09-16T08:11:54Z,2026-09-16T08:20:31Z,517,bc0e2df7e5d7f5ffa816a489152dcbb95dcaf32b
104710946035,35022505568,ci-core,onnx-light main (windows-latest),completed,success,2026-09-16T07:50:36Z,2026-09-16T07:59:04Z,508,3b91353f05ad0f7d3abfb03f0187f0d4d0680380
104559220069,35021854886,ci-core,onnx-light main (windows-latest),completed,success,2026-09-15T20:48:17Z,2026-09-15T21:00:51Z,754,a16f5276b232293900a47686f39efcfe0fdc0eed
104289377235,34939760818,ci-core,onnx-light main (windows-latest),completed,success,2026-09-15T07:39:22Z,2026-09-15T07:49:17Z,595,7a8be75be6319d65b42c0ebe1e05b47c6dcd18a5
104280344661,34938098141,ci-core,onnx-light main (windows-latest),completed,success,2026-09-15T06:41:53Z,2026-09-15T07:35:37Z,3224,9d1673a7bcde96dc7d09fe3c06ff46d1444b2109
